frame,t_sec,nose_wx,nose_wy,nose_wz,nose_vis,nose_px,nose_py,left_eye_inner_wx,left_eye_inner_wy,left_eye_inner_wz,left_eye_inner_vis,left_eye_inner_px,left_eye_inner_py,left_eye_wx,left_eye_wy,left_eye_wz,left_eye_vis,left_eye_px,left_eye_py,left_eye_outer_wx,left_eye_outer_wy,left_eye_outer_wz,left_eye_outer_vis,left_eye_outer_px,left_eye_outer_py,right_eye_inner_wx,right_eye_inner_wy,right_eye_inner_wz,right_eye_inner_vis,right_eye_inner_px,right_eye_inner_py,right_eye_wx,right_eye_wy,right_eye_wz,right_eye_vis,right_eye_px,right_eye_py,right_eye_outer_wx,right_eye_outer_wy,right_eye_outer_wz,right_eye_outer_vis,right_eye_outer_px,right_eye_outer_py,left_ear_wx,left_ear_wy,left_ear_wz,left_ear_vis,left_ear_px,left_ear_py,right_ear_wx,right_ear_wy,right_ear_wz,right_ear_vis,right_ear_px,right_ear_py,mouth_left_wx,mouth_left_wy,mouth_left_wz,mouth_left_vis,mouth_left_px,mouth_left_py,mouth_right_wx,mouth_right_wy,mouth_right_wz,mouth_right_vis,mouth_right_px,mouth_right_py,left_shoulder_wx,left_shoulder_wy,left_shoulder_wz,left_shoulder_vis,left_shoulder_px,left_shoulder_py,right_shoulder_wx,right_shoulder_wy,right_shoulder_wz,right_shoulder_vis,right_shoulder_px,right_shoulder_py,left_elbow_wx,left_elbow_wy,left_elbow_wz,left_elbow_vis,left_elbow_px,left_elbow_py,right_elbow_wx,right_elbow_wy,right_elbow_wz,right_elbow_vis,right_elbow_px,right_elbow_py,left_wrist_wx,left_wrist_wy,left_wrist_wz,left_wrist_vis,left_wrist_px,left_wrist_py,right_wrist_wx,right_wrist_wy,right_wrist_wz,right_wrist_vis,right_wrist_px,right_wrist_py,left_pinky_wx,left_pinky_wy,left_pinky_wz,left_pinky_vis,left_pinky_px,left_pinky_py,right_pinky_wx,right_pinky_wy,right_pinky_wz,right_pinky_vis,right_pinky_px,right_pinky_py,left_index_wx,left_index_wy,left_index_wz,left_index_vis,left_index_px,left_index_py,right_index_wx,right_index_wy,right_index_wz,right_index_vis,right_index_px,right_index_py,left_thumb_wx,left_thumb_wy,left_thumb_wz,left_thumb_vis,left_thumb_px,left_thumb_py,right_thumb_wx,right_thumb_wy,right_thumb_wz,right_thumb_vis,right_thumb_px,right_thumb_py,left_hip_wx,left_hip_wy,left_hip_wz,left_hip_vis,left_hip_px,left_hip_py,right_hip_wx,right_hip_wy,right_hip_wz,right_hip_vis,right_hip_px,right_hip_py,left_knee_wx,left_knee_wy,left_knee_wz,left_knee_vis,left_knee_px,left_knee_py,right_knee_wx,right_knee_wy,right_knee_wz,right_knee_vis,right_knee_px,right_knee_py,left_ankle_wx,left_ankle_wy,left_ankle_wz,left_ankle_vis,left_ankle_px,left_ankle_py,right_ankle_wx,right_ankle_wy,right_ankle_wz,right_ankle_vis,right_ankle_px,right_ankle_py,left_heel_wx,left_heel_wy,left_heel_wz,left_heel_vis,left_heel_px,left_heel_py,right_heel_wx,right_heel_wy,right_heel_wz,right_heel_vis,right_heel_px,right_heel_py,left_foot_index_wx,left_foot_index_wy,left_foot_index_wz,left_foot_index_vis,left_foot_index_px,left_foot_index_py,right_foot_index_wx,right_foot_index_wy,right_foot_index_wz,right_foot_index_vis,right_foot_index_px,right_foot_index_py
0,0.0,-0.1359429806470871,-0.5889685750007629,-0.22705166041851044,0.9998615980148315,331.281373500824,205.5933380126953,-0.10812795162200928,-0.6059783101081848,-0.23750849068164825,0.9989314675331116,334.70606088638306,198.40208530426025,-0.10818426311016083,-0.6065152287483215,-0.23241393268108368,0.998877227306366,336.3662624359131,197.86241054534912,-0.10943998396396637,-0.6091263890266418,-0.23405633866786957,0.9989516735076904,338.7132167816162,197.34472274780273,-0.11645007133483887,-0.618263304233551,-0.23551267385482788,0.9991704225540161,333.52033138275146,198.34656715393066,-0.11400365829467773,-0.6188417673110962,-0.24449031054973602,0.9993427395820618,333.9616298675537,197.7820873260498,-0.10920029878616333,-0.6063175797462463,-0.22623878717422485,0.9993559718132019,334.3005108833313,197.13274955749512,0.002888297662138939,-0.5852272510528564,-0.2220810353755951,0.9994356036186218,353.1070017814636,197.26694583892822,-0.05974898859858513,-0.5531705617904663,-0.12638206779956818,0.9993098974227905,345.89898347854614,197.66296863555908,-0.07548344135284424,-0.5745061635971069,-0.21231749653816223,0.9996135830879211,336.3047218322754,212.0533847808838,-0.08919672667980194,-0.5436253547668457,-0.21300514042377472,0.9994397759437561,334.5213532447815,211.74413681030273,0.17692917585372925,-0.46343758702278137,-0.08889922499656677,0.9997873902320862,393.0218553543091,230.23112297058105,-0.12319302558898926,-0.5245015025138855,0.006182699464261532,0.9995531439781189,327.78759241104126,236.52008056640625,0.4282277822494507,-0.5126721858978271,-0.12266760319471359,0.9979085922241211,449.57093238830566,231.66508197784424,-0.37613391876220703,-0.47880977392196655,-0.029772907495498657,0.9840308427810669,269.9259066581726,227.24699020385742,0.6613829731941223,-0.5086065530776978,-0.11404500901699066,0.9957823753356934,505.3880023956299,225.63720703125,-0.6282488703727722,-0.5412814021110535,-0.13596321642398834,0.9685001373291016,214.45299625396729,222.72023677825928,0.7165127396583557,-0.5284547805786133,-0.10349492728710175,0.990157425403595,519.4420909881592,224.37841415405273,-0.66145920753479,-0.5697519779205322,-0.16692186892032623,0.939574658870697,199.40760612487793,221.23751163482666,0.7101220488548279,-0.5310052633285522,-0.1436430811882019,0.9914105534553528,521.5837383270264,223.99409294128418,-0.6445139646530151,-0.6155727505683899,-0.19966156780719757,0.9438372254371643,197.7670383453369,219.37359809875488,0.6765348315238953,-0.4908483922481537,-0.1349835842847824,0.9902903437614441,516.525821685791,225.31539916992188,-0.6338470578193665,-0.5537899136543274,-0.15721014142036438,0.9574819803237915,203.4141182899475,221.2635612487793,0.10012361407279968,0.012803785502910614,0.013399000279605389,0.9998515844345093,376.53202056884766,341.76873207092285,-0.0982733890414238,-0.018127433955669403,-0.011037035845220089,0.9998346567153931,338.9388656616211,338.82594108581543,0.37854620814323425,0.29213637113571167,-0.05180748552083969,0.9721502661705017,441.366548538208,396.5089416503906,-0.41347917914390564,-0.004162708297371864,-0.1350473016500473,0.9893341660499573,257.4926233291626,354.7312259674072,0.6853514909744263,0.5076999068260193,0.05833730846643448,0.9607157707214355,506.3170337677002,441.0758399963379,-0.4622495472431183,0.4012615978717804,0.0023482241667807102,0.9285746812820435,251.6754698753357,437.8436851501465,0.6944089531898499,0.5266304016113281,0.0709504634141922,0.8098983764648438,510.8929252624512,449.42553520202637,-0.4683794677257538,0.4348176121711731,-0.02348582074046135,0.8674629330635071,260.5983638763428,453.3471393585205,0.7123124599456787,0.4969659745693207,0.01205642893910408,0.9306946992874146,520.8781671524048,453.39094161987305,-0.5397361516952515,0.44353362917900085,-0.054025426506996155,0.8920993208885193,218.95018100738525,452.68446922302246
1,0.004166666666666667,-0.1345624029636383,-0.5916133522987366,-0.21566669642925262,0.9998531937599182,331.3264989852905,205.6425905227661,-0.10730497539043427,-0.6078898310661316,-0.2265489548444748,0.9988774657249451,335.1259231567383,198.5619878768921,-0.10722875595092773,-0.6086132526397705,-0.22152039408683777,0.9988163113594055,336.9231963157654,198.03887844085693,-0.10840097814798355,-0.6111090183258057,-0.22329139709472656,0.9989022016525269,339.22491788864136,197.53342151641846,-0.1151592880487442,-0.6200651526451111,-0.22472144663333893,0.9991304278373718,333.72394323349,198.5117769241333,-0.11286196112632751,-0.6204701066017151,-0.23321397602558136,0.9993063807487488,334.34844732284546,197.9975938796997,-0.10835057497024536,-0.6080908179283142,-0.21507728099822998,0.9993262887001038,334.88317251205444,197.4051332473755,0.003663379931822419,-0.5865275859832764,-0.20964659750461578,0.9994004368782043,353.27810525894165,197.61377334594727,-0.05937008559703827,-0.554952085018158,-0.11487171053886414,0.9992697834968567,346.1633849143982,198.17354679107666,-0.07399211823940277,-0.5766708254814148,-0.2007555365562439,0.9996019601821899,336.8125820159912,212.1839189529419,-0.0883777067065239,-0.5455467700958252,-0.2015334963798523,0.9994252920150757,334.8639249801636,211.95000171661377,0.17791439592838287,-0.4660826325416565,-0.07591041177511215,0.9997875094413757,393.257417678833,230.46130657196045,-0.12248659133911133,-0.5259974002838135,0.014220631681382656,0.9995522499084473,327.7791380882263,236.66101455688477,0.43248671293258667,-0.5143907070159912,-0.10889361053705215,0.9978833794593811,450.53468227386475,232.31823921203613,-0.376001238822937,-0.47880592942237854,-0.022750578820705414,0.9841962456703186,270.07381439208984,227.5706434249878,0.6611074209213257,-0.5091606378555298,-0.1029595136642456,0.995883047580719,505.27685165405273,225.85322856903076,-0.6266300678253174,-0.5411344170570374,-0.13111785054206848,0.9687551856040955,214.80483770370483,222.7523946762085,0.7156242728233337,-0.5290260314941406,-0.0932343378663063,0.9903420805931091,519.4166851043701,224.89009380340576,-0.6591789126396179,-0.5696777701377869,-0.16330783069133759,0.939559817314148,199.4789743423462,221.23871326446533,0.7079160213470459,-0.5318058729171753,-0.13326622545719147,0.9915586113929749,521.6065263748169,224.3246555328369,-0.6409854292869568,-0.6152099370956421,-0.19598381221294403,0.9438065886497498,197.9034662246704,219.62927341461182,0.675360918045044,-0.4913013279438019,-0.1239059790968895,0.9904114603996277,516.3959169387817,225.60898303985596,-0.6317159533500671,-0.5536267161369324,-0.15212437510490417,0.9572002291679382,203.43903064727783,221.4486265182495,0.10012248158454895,0.012798073701560497,0.013588192872703075,0.999851405620575,376.99288845062256,341.9772720336914,-0.09825759381055832,-0.018076756969094276,-0.011164119467139244,0.9998356699943542,338.9495515823364,339.05914306640625,0.37792596220970154,0.28660061955451965,-0.05185338482260704,0.972161054611206,441.28947257995605,396.50742530822754,-0.4121719300746918,-0.008403105661273003,-0.14040623605251312,0.9895139336585999,257.5915217399597,354.7991466522217,0.6819012761116028,0.5043282508850098,0.05662907660007477,0.9607530832290649,506.6250801086426,442.15158462524414,-0.4610873758792877,0.3978103697299957,-0.004105359315872192,0.9284458160400391,251.70531749725342,438.5280418395996,0.6902656555175781,0.5226417183876038,0.06883224099874496,0.8083285093307495,510.9477710723877,450.10974884033203,-0.46701347827911377,0.4315463602542877,-0.029532192274928093,0.8667284250259399,260.4980492591858,453.56225967407227,0.7058122754096985,0.49112623929977417,0.008956431411206722,0.9304360151290894,519.7349882125854,453.38284492492676,-0.5364863276481628,0.4406750500202179,-0.060544829815626144,0.8914353251457214,219.0010142326355,452.75625228881836
2,0.008333333333333333,-0.13418476283550262,-0.5925286412239075,-0.2143642157316208,0.999852180480957,331.5240812301636,205.6603717803955,-0.10708465427160263,-0.6085569858551025,-0.22518770396709442,0.9988791346549988,335.48169136047363,198.61042499542236,-0.10697779804468155,-0.6093236207962036,-0.2201763093471527,0.9988135695457458,337.3313856124878,198.09388160705566,-0.10813995450735092,-0.6117900013923645,-0.22196610271930695,0.9989040493965149,339.6468186378479,197.5939178466797,-0.11485874652862549,-0.620684027671814,-0.22342060506343842,0.9991347789764404,334.0271830558777,198.55947017669678,-0.1125888079404831,-0.6210525631904602,-0.23183685541152954,0.999306321144104,334.6858263015747,198.05883407592773,-0.10812316834926605,-0.6087083220481873,-0.21370673179626465,0.9993305206298828,335.25436878204346,197.4804925918579,0.003864685771986842,-0.5867229104042053,-0.20817530155181885,0.9993932247161865,353.60848903656006,197.72287845611572,-0.05926351249217987,-0.5551493167877197,-0.11358499526977539,0.9992665648460388,346.3916087150574,198.3222770690918,-0.07353930175304413,-0.5773215889930725,-0.1994665116071701,0.9996054768562317,337.14612007141113,212.23222732543945,-0.08808664232492447,-0.5461143851280212,-0.2002771645784378,0.9994324445724487,335.1546335220337,212.01780796051025,0.17814302444458008,-0.46619418263435364,-0.07489651441574097,0.9997906684875488,393.45499992370605,230.60518741607666,-0.1221735030412674,-0.5261132121086121,0.015142514370381832,0.9995642304420471,327.9600477218628,236.7740821838379,0.4330930709838867,-0.5144120454788208,-0.10763393342494965,0.9978684782981873,450.8457326889038,232.50519275665283,-0.37595149874687195,-0.47891825437545776,-0.02146466076374054,0.9846179485321045,270.30017137527466,227.72455215454102,0.6610835194587708,-0.5091586709022522,-0.10104846954345703,0.9959887862205505,505.3490352630615,225.99743843078613,-0.6262826919555664,-0.5411604046821594,-0.13008177280426025,0.9699293971061707,215.1625370979309,222.78795719146729,0.7155174612998962,-0.5290255546569824,-0.09116321802139282,0.990541398525238,519.5200252532959,225.1029396057129,-0.6587250828742981,-0.5697097182273865,-0.1625286191701889,0.9413270950317383,199.76062774658203,221.27748012542725,0.707690954208374,-0.5318147540092468,-0.13122817873954773,0.9917187094688416,521.7896032333374,224.4354486465454,-0.6401598453521729,-0.6152099967002869,-0.19524122774600983,0.9454293847084045,198.2073712348938,219.75501537322998,0.6752392649650574,-0.49129989743232727,-0.12194253504276276,0.9905503988265991,516.4899444580078,225.71428298950195,-0.6312403082847595,-0.5536502003669739,-0.15110161900520325,0.9582025408744812,203.68723154067993,221.53960704803467,0.1001199409365654,0.012787933461368084,0.013596674427390099,0.9998534917831421,377.2479772567749,342.12435722351074,-0.09825075417757034,-0.018054518848657608,-0.011169270612299442,0.9998399019241333,339.0153193473816,339.1629695892334,0.3778373897075653,0.2859072685241699,-0.051715459674596786,0.9723201394081116,441.37152671813965,396.5501117706299,-0.41198912262916565,-0.008513317443430424,-0.1416141241788864,0.989853024482727,257.7692770957947,354.8774814605713,0.6818544268608093,0.5032764077186584,0.056583207100629807,0.961373507976532,506.7899179458618,442.298583984375,-0.46062731742858887,0.3978164792060852,-0.005606381688266993,0.9296524524688721,251.86159372329712,438.78759384155273,0.690234363079071,0.5214042067527771,0.06875773519277573,0.8101074695587158,511.12192153930664,450.2370071411133,-0.4664740264415741,0.431551069021225,-0.03093840554356575,0.8684155344963074,260.5389475822449,453.6169910430908,0.7058570981025696,0.4891688823699951,0.008901247754693031,0.9313715696334839,519.8960065841675,453.50841522216797,-0.5358967185020447,0.44074109196662903,-0.06219005212187767,0.8928250670433044,219.08268213272095,452.8607368469238
3,0.0125,-0.13335825502872467,-0.593164324760437,-0.21268074214458466,0.999850869178772,331.8668460845947,205.8099889755249,-0.10650023818016052,-0.6090417504310608,-0.22330360114574432,0.9988776445388794,336.0509419441223,198.78308773040771,-0.10633780807256699,-0.6098532676696777,-0.21829701960086823,0.9988072514533997,337.99140214920044,198.27391147613525,-0.10748940706253052,-0.6122827529907227,-0.22010678052902222,0.9989036917686462,340.3489136695862,197.78954029083252,-0.11421927064657211,-0.6211262941360474,-0.22163745760917664,0.9991363883018494,334.463095664978,198.7433910369873,-0.11199716478586197,-0.6214618682861328,-0.22997356951236725,0.9993037581443787,335.16489028930664,198.2596492767334,-0.10760914534330368,-0.6091497540473938,-0.21185217797756195,0.9993327260017395,335.77295780181885,197.6969289779663,0.004327104892581701,-0.5870106220245361,-0.205424964427948,0.9993829131126404,354.1027021408081,198.10940265655518,-0.05917147919535637,-0.5554199814796448,-0.11152873188257217,0.9992583990097046,346.76557302474976,198.65222454071045,-0.0726848617196083,-0.5778322219848633,-0.1976221203804016,0.9996078610420227,337.6568555831909,212.42185592651367,-0.08758008480072021,-0.5465454459190369,-0.1985308825969696,0.9994381666183472,335.5724573135376,212.26577281951904,0.17853151261806488,-0.4664084315299988,-0.0728742927312851,0.9997938871383667,393.83995056152344,230.811767578125,-0.12194696068763733,-0.5264188051223755,0.016766991466283798,0.9995756149291992,328.145956993103,236.9820499420166,0.4336586892604828,-0.5144708156585693,-0.10485710948705673,0.9978658556938171,451.2424421310425,232.8609037399292,-0.37592390179634094,-0.47921302914619446,-0.01949525624513626,0.9849646091461182,270.52603483200073,228.04646015167236,0.6610737442970276,-0.5091564059257507,-0.09725993871688843,0.996105968952179,505.4299736022949,226.2471628189087,-0.6258984804153442,-0.541161835193634,-0.1285993903875351,0.9708108901977539,215.73826789855957,222.8760051727295,0.7154431939125061,-0.5290238261222839,-0.08712710440158844,0.990760087966919,519.6240091323853,225.56400775909424,-0.658229649066925,-0.5697044730186462,-0.16133801639080048,0.9424923658370972,200.17658472061157,221.37502670288086,0.7075368165969849,-0.531821608543396,-0.12722158432006836,0.9918999075889587,521.9351291656494,224.72858905792236,-0.6391857266426086,-0.6150876879692078,-0.1940406709909439,0.9464924931526184,198.68802309036255,219.90368843078613,0.6751471161842346,-0.49129608273506165,-0.11805228143930435,0.9907156825065613,516.6147422790527,225.92202186584473,-0.6306847929954529,-0.5536467432975769,-0.14959944784641266,0.9587753415107727,204.1117286682129,221.65064334869385,0.10011942684650421,0.012786942534148693,0.013600648380815983,0.9998562335968018,377.6254177093506,342.38768577575684,-0.09824683517217636,-0.01804489456117153,-0.011169852688908577,0.9998447895050049,339.20966148376465,339.38395500183105,0.3778330981731415,0.28579771518707275,-0.0517197921872139,0.9726929068565369,441.6387605667114,396.7654609680176,-0.41183680295944214,-0.008679320104420185,-0.14305159449577332,0.9902016520500183,258.0777311325073,355.05566596984863,0.6817272901535034,0.502000093460083,0.05666634812951088,0.9616776704788208,507.1462869644165,442.45190620422363,-0.4604807198047638,0.3978146016597748,-0.006768921390175819,0.9311450123786926,252.0959973335266,439.18710708618164,0.6901159286499023,0.5197965502738953,0.06887590140104294,0.810882031917572,511.3226795196533,450.36306381225586,-0.4663034677505493,0.43155568838119507,-0.03193957358598709,0.8704895377159119,260.67320823669434,453.7141513824463,0.7058761715888977,0.48710331320762634,0.00927888322621584,0.9317585825920105,519.8971652984619,453.7313747406006,-0.5358358025550842,0.4407445788383484,-0.06341870874166489,0.8944650888442993,219.15252685546875,453.0777168273926
4,0.016666666666666666,-0.1329653412103653,-0.5941601395606995,-0.2106739580631256,0.9998519420623779,332.56582975387573,205.96901893615723,-0.10630278289318085,-0.6098147630691528,-0.22126337885856628,0.9988923072814941,336.9078755378723,199.00224208831787,-0.10611557960510254,-0.6106655597686768,-0.2162831872701645,0.9988190531730652,338.8853073120117,198.50034713745117,-0.10726065933704376,-0.6130700707435608,-0.2181139886379242,0.9989185929298401,341.2364459037781,198.01933765411377,-0.1139388233423233,-0.6218217015266418,-0.21969571709632874,0.9991509914398193,335.3171110153198,198.96082878112793,-0.11174172908067703,-0.6221334338188171,-0.2279626578092575,0.9993129372596741,336.07149839401245,198.4972858428955,-0.10738831758499146,-0.6098407506942749,-0.20984770357608795,0.9993452429771423,336.73717975616455,197.9521608352661,0.004447070881724358,-0.5873197913169861,-0.20357368886470795,0.9993851780891418,354.87032890319824,198.3951759338379,-0.05906626209616661,-0.55562824010849,-0.11002536118030548,0.9992662668228149,347.6068639755249,198.97457599639893,-0.07221375405788422,-0.5785903930664062,-0.19574493169784546,0.9996154308319092,338.51305961608887,212.6585054397583,-0.0872214213013649,-0.5471835136413574,-0.19672025740146637,0.9994504451751709,336.41677379608154,212.5394582748413,0.178890198469162,-0.46656277775764465,-0.07184342294931412,0.9997989535331726,394.60856437683105,231.179838180542,-0.12172117084264755,-0.5265439748764038,0.017657600343227386,0.9995899200439453,328.7526512145996,237.36770153045654,0.4343976378440857,-0.5144874453544617,-0.10393252968788147,0.9978564977645874,452.2679042816162,233.32297325134277,-0.3758542835712433,-0.479251503944397,-0.018582604825496674,0.9853588342666626,271.31921768188477,228.4570026397705,0.66106778383255,-0.5091531872749329,-0.09606771916151047,0.9961832761764526,505.95075130462646,226.61108493804932,-0.6255447268486023,-0.541155219078064,-0.12794728577136993,0.9718774557113647,216.66401624679565,223.11409950256348,0.7153735756874084,-0.5290209054946899,-0.0857502818107605,0.9908977150917053,520.1958560943604,226.0375213623047,-0.6578139662742615,-0.5696918964385986,-0.1608532965183258,0.9441559314727783,200.97354412078857,221.5985870361328,0.7073570489883423,-0.5318382978439331,-0.1258765161037445,0.9920058846473694,522.6551628112793,225.03396034240723,-0.638485848903656,-0.6150291562080383,-0.19358912110328674,0.9480124711990356,199.49079751968384,220.2709436416626,0.6750715970993042,-0.49129611253738403,-0.11682511121034622,0.9907994866371155,517.1701526641846,226.1848783493042,-0.6302241086959839,-0.5536378026008606,-0.14895159006118774,0.9597234725952148,204.8565673828125,221.97607040405273,0.10012046247720718,0.01277794037014246,0.013622302561998367,0.9998593330383301,378.4443712234497,342.79706954956055,-0.09824627637863159,-0.01802213303744793,-0.011187194846570492,0.9998494386672974,339.6988534927368,339.7496509552002,0.3778327703475952,0.2855687141418457,-0.0515136681497097,0.9729436039924622,442.3656177520752,397.1432590484619,-0.4112801253795624,-0.008755555376410484,-0.14410141110420227,0.9905000925064087,258.72193336486816,355.39286613464355,0.6816709637641907,0.501261830329895,0.05668392404913902,0.9623233675956726,507.9324531555176,442.9017162322998,-0.4598515033721924,0.397742360830307,-0.007347993087023497,0.9321474432945251,252.70726203918457,439.70895767211914,0.6900671124458313,0.5188827514648438,0.06888521462678909,0.8127419948577881,512.1781539916992,450.81310272216797,-0.46562209725379944,0.43149226903915405,-0.03243304416537285,0.8718389868736267,261.12881898880005,453.9330768585205,0.7059327363967896,0.4849822223186493,0.009300223551690578,0.9328138828277588,520.4739475250244,454.1158390045166,-0.5351059436798096,0.440659761428833,-0.06393995136022568,0.8957846164703369,219.7510027885437,453.35763931274414
5,0.020833333333333332,-0.13195033371448517,-0.594191312789917,-0.2106824666261673,0.9998557567596436,333.4503149986267,206.8921136856079,-0.10560261458158493,-0.6098567247390747,-0.22121042013168335,0.9989239573478699,337.91754484176636,199.94221687316895,-0.10535570979118347,-0.6107191443443298,-0.2162247896194458,0.9988511800765991,339.9745202064514,199.4718360900879,-0.10648439079523087,-0.6131165623664856,-0.21804973483085632,0.9989486932754517,342.3440909385681,198.9922857284546,-0.1133110299706459,-0.621833860874176,-0.21968157589435577,0.9991771578788757,336.11602306365967,199.95896816253662,-0.11114424467086792,-0.6221392750740051,-0.2279384732246399,0.9993323683738708,336.8838429450989,199.54474925994873,-0.10687440633773804,-0.6098505258560181,-0.2098217010498047,0.9993644952774048,337.56980180740356,199.03358459472656,0.004974526818841696,-0.5875371098518372,-0.20282337069511414,0.9993948936462402,355.7712507247925,199.52412128448486,-0.05906711891293526,-0.5556591153144836,-0.10968246310949326,0.9992808103561401,348.31432342529297,200.06568431854248,-0.0711328312754631,-0.5786597728729248,-0.19556884467601776,0.9996249675750732,339.6860861778259,213.61641883850098,-0.08664662390947342,-0.5471974611282349,-0.19660070538520813,0.9994654059410095,337.42101430892944,213.60350131988525,0.1793314665555954,-0.4668523669242859,-0.07057032734155655,0.9998034834861755,395.4211235046387,232.0958948135376,-0.12149391323328018,-0.5268811583518982,0.01825723797082901,0.9996012449264526,329.3857169151306,237.95569896697998,0.4357661306858063,-0.5144987106323242,-0.1018294170498848,0.9978712201118469,453.4779453277588,234.1737985610962,-0.37571266293525696,-0.4799959361553192,-0.017791515216231346,0.9856873154640198,272.09150075912476,229.20724868774414,0.6617187261581421,-0.5091642737388611,-0.09336374700069427,0.9963123798370361,506.87257289886475,227.38356113433838,-0.6250852346420288,-0.541283905506134,-0.12709924578666687,0.9727373719215393,217.75488138198853,223.57811450958252,0.7158374190330505,-0.5290489792823792,-0.08297063410282135,0.9911609292030334,521.1456155776978,226.9293737411499,-0.6573430895805359,-0.5697330236434937,-0.1601712554693222,0.9454037547111511,201.99235439300537,222.05610752105713,0.7076990008354187,-0.5319713950157166,-0.12312494218349457,0.9922367334365845,523.6535024642944,225.79290390014648,-0.6377508640289307,-0.6150198578834534,-0.19294986128807068,0.9491850733757019,200.54887533187866,220.8476972579956,0.6754611134529114,-0.4913175106048584,-0.11405447125434875,0.991039514541626,518.1687498092651,226.93735599517822,-0.629671573638916,-0.5537204742431641,-0.14813512563705444,0.9605002999305725,205.91052532196045,222.530779838562,0.10011949390172958,0.012773621827363968,0.013634287752211094,0.9998608827590942,379.39026832580566,343.480167388916,-0.09824083745479584,-0.01800803653895855,-0.011194379068911076,0.9998527765274048,340.4370403289795,340.4442501068115,0.37792864441871643,0.2853225767612457,-0.05147389695048332,0.9735442996025085,443.04179191589355,397.62837409973145,-0.41081175208091736,-0.008963387459516525,-0.14570558071136475,0.9908661246299744,259.5218539237976,355.99451065063477,0.6816744804382324,0.5009407997131348,0.05641916021704674,0.9633290767669678,508.91448497772217,443.6671829223633,-0.4594476819038391,0.3977733254432678,-0.009085861034691334,0.9340683221817017,253.6836290359497,440.73317527770996,0.690074622631073,0.518486499786377,0.06853917986154556,0.8160613179206848,512.838191986084,451.53170585632324,-0.46515730023384094,0.4315555691719055,-0.03408762812614441,0.8744440078735352,261.96435928344727,454.79424476623535,0.7060949802398682,0.4843215346336365,0.009023062884807587,0.9345521926879883,521.3582181930542,454.79352951049805,-0.5345714092254639,0.44079574942588806,-0.066082663834095,0.8983980417251587,220.88184356689453,454.0894031524658
6,0.025,-0.13134998083114624,-0.5950760841369629,-0.20962010324001312,0.9998473525047302,334.8305583000183,207.64662265777588,-0.10529160499572754,-0.6105127930641174,-0.22003301978111267,0.9988686442375183,339.3743062019348,200.81000804901123,-0.10502339154481888,-0.6114144325256348,-0.2150566130876541,0.9987895488739014,341.45291090011597,200.33452033996582,-0.10613700747489929,-0.6137879490852356,-0.21687448024749756,0.9988954067230225,343.8057017326355,199.8369312286377,-0.11294959485530853,-0.6223585605621338,-0.21858973801136017,0.9991392493247986,337.5901436805725,200.84881782531738,-0.11080187559127808,-0.622631847858429,-0.22680261731147766,0.9992990493774414,338.4305763244629,200.4700756072998,-0.1065763309597969,-0.6103556156158447,-0.20869292318820953,0.9993375539779663,339.1709089279175,199.992413520813,0.005194564815610647,-0.5878846049308777,-0.20154699683189392,0.9993555545806885,357.22947120666504,200.46453952789307,-0.05900377780199051,-0.5557764768600464,-0.10868142545223236,0.9992425441741943,349.74308252334595,201.1212158203125,-0.0704120397567749,-0.579393744468689,-0.19445477426052094,0.9996107220649719,341.2778377532959,214.47023391723633,-0.08610125631093979,-0.5477555394172668,-0.19556908309459686,0.9994472861289978,339.0924382209778,214.5564365386963,0.17973953485488892,-0.4670604169368744,-0.06976595520973206,0.9998016357421875,396.8869400024414,233.3302402496338,-0.12107358127832413,-0.5269922018051147,0.01891079545021057,0.9996024966239929,330.80353260040283,239.03439044952393,0.436320960521698,-0.5144974589347839,-0.10120009630918503,0.9977779984474182,455.1400566101074,235.32467365264893,-0.3754003643989563,-0.48003366589546204,-0.016835985705256462,0.9857341051101685,273.3966636657715,230.30126094818115,0.6616668701171875,-0.5091611742973328,-0.09238537400960922,0.9962486028671265,508.0948877334595,228.3853054046631,-0.624286949634552,-0.5412845611572266,-0.12602168321609497,0.9732082486152649,219.43523168563843,224.37535285949707,0.7156625986099243,-0.529055118560791,-0.08195244520902634,0.9910070896148682,522.4940586090088,228.0690050125122,-0.6564884781837463,-0.569736659526825,-0.15925751626491547,0.9459930658340454,203.60150814056396,222.8523874282837,0.7073684930801392,-0.5320528745651245,-0.12204936891794205,0.9920911192893982,524.9705743789673,226.86241149902344,-0.6366714835166931,-0.6150153875350952,-0.19207553565502167,0.9497265219688416,202.12446928024292,221.79355144500732,0.6752809286117554,-0.49132049083709717,-0.11305822432041168,0.9908480644226074,519.4003772735596,227.97961235046387,-0.6287891864776611,-0.5537227988243103,-0.14706315100193024,0.960736870765686,207.42661714553833,223.41512203216553,0.10011906176805496,0.012759842909872532,0.013651450164616108,0.999857485294342,380.8146286010742,344.56400871276855,-0.09823758900165558,-0.01798393204808235,-0.011207723058760166,0.9998512864112854,341.5971279144287,341.4030647277832,0.37789371609687805,0.2845523953437805,-0.05145733058452606,0.9726505875587463,444.3158197402954,398.52807998657227,-0.4101197123527527,-0.009067156352102757,-0.14620782434940338,0.9908007383346558,260.96078395843506,356.9564723968506,0.6816649436950684,0.5000003576278687,0.054816361516714096,0.962611973285675,510.618052482605,444.9641990661621,-0.4587434232234955,0.3977150022983551,-0.009863411076366901,0.932360053062439,255.1771903038025,441.96533203125,0.690073549747467,0.5174217224121094,0.06658979505300522,0.8131161332130432,514.5863056182861,452.80208587646484,-0.46438518166542053,0.43150243163108826,-0.034828320145606995,0.8719620108604431,263.17105293273926,455.5531883239746,0.7061228156089783,0.48292434215545654,0.0067007350735366344,0.9332512617111206,521.960277557373,455.69080352783203,-0.5331006050109863,0.4408147633075714,-0.06679181754589081,0.895658552646637,222.3518443107605,455.2492046356201
7,0.029166666666666667,-0.1306726038455963,-0.5971974730491638,-0.20775291323661804,0.999849259853363,336.1499261856079,208.1097936630249,-0.10487206280231476,-0.6122547388076782,-0.2180851399898529,0.9988868832588196,340.7960915565491,201.23549938201904,-0.10457944869995117,-0.6132141947746277,-0.2131119817495346,0.9988070726394653,342.9744529724121,200.77404499053955,-0.10568243265151978,-0.615554928779602,-0.21496528387069702,0.9989133477210999,345.2886629104614,200.2980136871338,-0.11241346597671509,-0.6240026950836182,-0.21682007610797882,0.9991567134857178,338.86929988861084,201.32484912872314,-0.11029945313930511,-0.6242316961288452,-0.22497528791427612,0.9993115067481995,339.74831342697144,200.98288536071777,-0.10612491518259048,-0.6120054125785828,-0.20686961710453033,0.9993515610694885,340.54089546203613,200.54913997650146,0.005370019935071468,-0.5885839462280273,-0.1996425837278366,0.9993603825569153,358.39771270751953,201.04004859924316,-0.05883101001381874,-0.5563556551933289,-0.10748419910669327,0.9992546439170837,350.9137487411499,201.73706531524658,-0.06975913792848587,-0.5810179710388184,-0.19264154136180878,0.9996199011802673,342.722110748291,214.91859912872314,-0.08555535227060318,-0.5492210984230042,-0.19398152828216553,0.9994621276855469,340.43586015701294,215.03994941711426,0.17991864681243896,-0.467337429523468,-0.06881438940763474,0.9998062252998352,398.2639217376709,234.05601024627686,-0.12067905068397522,-0.5272776484489441,0.01963277906179428,0.9996144771575928,331.8426203727722,239.7362995147705,0.4365200996398926,-0.5148651599884033,-0.09983835369348526,0.9977970123291016,456.0138988494873,236.03609561920166,-0.3751322031021118,-0.4804811179637909,-0.015931332483887672,0.9860900044441223,274.71588134765625,230.98437309265137,0.6616445779800415,-0.5091854929924011,-0.09023534506559372,0.9963704347610474,508.8635444641113,229.10728454589844,-0.6236895322799683,-0.5412850379943848,-0.12508822977542877,0.9741357564926147,221.11457347869873,225.03551959991455,0.7156034708023071,-0.5290551781654358,-0.07928837835788727,0.9912547469139099,523.3297061920166,229.09061908721924,-0.6558414101600647,-0.5696988105773926,-0.15839459002017975,0.9474855661392212,205.1244878768921,223.4973907470703,0.7072706818580627,-0.5320551991462708,-0.11957768350839615,0.9923027753829956,525.8138608932495,227.70017623901367,-0.6357311010360718,-0.6147556304931641,-0.19128577411174774,0.951103925704956,203.75162601470947,222.50046730041504,0.6751930117607117,-0.4913334548473358,-0.11088123917579651,0.9910635352134705,520.2426338195801,228.7313175201416,-0.6280554533004761,-0.5537119507789612,-0.1461210995912552,0.9616529941558838,208.97961616516113,224.13289546966553,0.10012014955282211,0.012752204202115536,0.013680709525942802,0.9998594522476196,382.26744174957275,345.3816604614258,-0.0982365533709526,-0.017962949350476265,-0.011231480166316032,0.999854326248169,342.7321529388428,342.17774391174316,0.3778988718986511,0.28405460715293884,-0.05109233409166336,0.9728875160217285,445.3789186477661,399.2160701751709,-0.4098295271396637,-0.009236177429556847,-0.1483459323644638,0.9910943508148193,262.2363567352295,357.6149368286133,0.6816291809082031,0.4993930160999298,0.05482730269432068,0.963388979434967,511.64634704589844,445.6193161010742,-0.458506315946579,0.39768967032432556,-0.010846475139260292,0.9334816932678223,256.39214515686035,442.7901363372803,0.69002366065979,0.5167170763015747,0.06659950315952301,0.8146176934242249,515.9675788879395,453.57954025268555,-0.4641346335411072,0.43148574233055115,-0.03562230244278908,0.8731734156608582,264.3215274810791,456.13718032836914,0.7061105370521545,0.4811542332172394,0.0067183091305196285,0.93453449010849,522.3131275177002,456.31885528564453,-0.5328366160392761,0.4407961070537567,-0.06766287237405777,0.8972181081771851,223.4430956840515,456.03718757629395
8,0.03333333333333333,-0.130349799990654,-0.5972350835800171,-0.20789289474487305,0.9998517632484436,337.24122047424316,208.99293422698975,-0.10464925318956375,-0.6122782826423645,-0.21823331713676453,0.9989082217216492,341.9736886024475,202.21458435058594,-0.10434121638536453,-0.6132421493530273,-0.2132546305656433,0.9988274574279785,344.1715121269226,201.78139686584473,-0.10544127970933914,-0.615577757358551,-0.21510662138462067,0.9989331364631653,346.5036392211914,201.34602069854736,-0.11217516660690308,-0.6240336298942566,-0.21696150302886963,0.9991755485534668,340.043420791626,202.2619342803955,-0.11007899045944214,-0.6242571473121643,-0.22512641549110413,0.9993258714675903,340.98498344421387,201.92622184753418,-0.10593210160732269,-0.6120332479476929,-0.20701506733894348,0.9993671178817749,341.8211030960083,201.50054454803467,0.005552720744162798,-0.588599443435669,-0.19969262182712555,0.9993647336959839,359.6370005607605,202.36340045928955,-0.05880051106214523,-0.5563907623291016,-0.10759776085615158,0.9992676973342896,352.1429514884949,202.916579246521,-0.06941153109073639,-0.5810640454292297,-0.1927454173564911,0.999625027179718,343.80374908447266,215.8825922012329,-0.08531476557254791,-0.5492641925811768,-0.19409170746803284,0.9994723200798035,341.5734815597534,215.99840641021729,0.18017907440662384,-0.4673753082752228,-0.06855452805757523,0.9998081922531128,399.5967435836792,234.82043266296387,-0.12056668847799301,-0.5274039506912231,0.01958504505455494,0.9996241927146912,332.8723096847534,240.50345420837402,0.4369218945503235,-0.5148627161979675,-0.09915734827518463,0.9977777600288391,457.56181240081787,236.93474292755127,-0.37503767013549805,-0.4805253744125366,-0.015960995107889175,0.9864243268966675,276.01037979125977,231.87028884887695,0.6617825031280518,-0.5091791152954102,-0.08923990279436111,0.9964309930801392,510.28494358062744,230.0090217590332,-0.6231140494346619,-0.5412207245826721,-0.1250411421060562,0.9749252200126648,222.43842601776123,225.83835124969482,0.7156879901885986,-0.5290544629096985,-0.07805074751377106,0.9913674592971802,524.7544527053833,229.97839450836182,-0.6551569104194641,-0.5695846676826477,-0.15837140381336212,0.9486773014068604,206.4007043838501,224.29844856262207,0.7073436379432678,-0.5320643782615662,-0.11847351491451263,0.9923977851867676,527.2441864013672,228.48971843719482,-0.6347485184669495,-0.6144992113113403,-0.19123215973377228,0.95220547914505,205.0155258178711,223.411545753479,0.6752663254737854,-0.49132949113845825,-0.10987721383571625,0.9911519885063171,521.6872501373291,229.5093584060669,-0.6273408532142639,-0.553618848323822,-0.1460624635219574,0.9623501300811768,210.19590139389038,224.98985767364502,0.10012056678533554,0.01275057066231966,0.013713804073631763,0.9998614192008972,383.6493158340454,346.1822032928467,-0.09823548793792725,-0.017953336238861084,-0.011257781647145748,0.9998573064804077,343.99957180023193,342.9782295227051,0.3779202699661255,0.2839374244213104,-0.05108319967985153,0.9730502367019653,446.6571521759033,399.95020866394043,-0.40967875719070435,-0.009518688544631004,-0.14892736077308655,0.9912229776382446,263.42697858810425,358.416051864624,0.6816145777702332,0.4989403188228607,0.05474134907126427,0.9638532400131226,513.0032873153687,446.42492294311523,-0.4573313593864441,0.39731937646865845,-0.010773612186312675,0.9336603879928589,257.62887954711914,443.2565402984619,0.690004289150238,0.5161548256874084,0.06649184972047806,0.815937340259552,516.946907043457,454.40394401550293,-0.46275320649147034,0.43111807107925415,-0.03554236888885498,0.8733539581298828,265.68398237228394,456.4969825744629,0.7061306238174438,0.4799424409866333,0.006651714444160461,0.9354276657104492,523.4024047851562,457.06844329833984,-0.5313369035720825,0.4402896463871002,-0.06755035370588303,0.8976020216941833,224.90844011306763,456.6242980957031
9,0.0375,-0.13009771704673767,-0.5972529649734497,-0.20809392631053925,0.9998524188995361,338.8566184043884,209.83680725097656,-0.10447490960359573,-0.6122970581054688,-0.21844901144504547,0.9989160895347595,343.6326241493225,203.13682079315186,-0.1041514128446579,-0.6132611036300659,-0.21346820890903473,0.9988344311714172,345.81223011016846,202.695050239563,-0.10524854063987732,-0.615595281124115,-0.2153131365776062,0.9989396333694458,348.16152334213257,202.2507619857788,-0.11197202652692795,-0.6240476965904236,-0.21715618669986725,0.999184250831604,341.7170763015747,203.18175315856934,-0.10988461971282959,-0.6242677569389343,-0.2253371924161911,0.9993327856063843,342.6527166366577,202.8590726852417,-0.10576365888118744,-0.612045407295227,-0.20722037553787231,0.99937504529953,343.4759187698364,202.4425506591797,0.00575130945071578,-0.5886200666427612,-0.19997507333755493,0.9993658065795898,361.35518074035645,203.18748950958252,-0.05872320011258125,-0.5564054846763611,-0.10777600854635239,0.9992747902870178,353.7920594215393,203.85809898376465,-0.06910432130098343,-0.5810893177986145,-0.19294697046279907,0.9996287822723389,345.47622442245483,216.75524711608887,-0.08508434891700745,-0.5492821931838989,-0.19427303969860077,0.9994799494743347,343.25711488723755,216.89602375030518,0.18051029741764069,-0.4674220085144043,-0.06868740171194077,0.9998106360435486,401.29284381866455,235.6946611404419,-0.1203790009021759,-0.5274770259857178,0.019502436742186546,0.9996336102485657,334.56783056259155,241.4160919189453,0.43734434247016907,-0.5148008465766907,-0.09932930767536163,0.997772753238678,459.3873882293701,237.9670000076294,-0.37489053606987,-0.48054826259613037,-0.01604962907731533,0.9867410659790039,277.5129961967468,232.81160831451416,0.6617811918258667,-0.5091384053230286,-0.08943650126457214,0.9964803457260132,511.80521965026855,230.94972610473633,-0.6227936744689941,-0.5412221550941467,-0.125093013048172,0.9757142066955566,223.9660406112671,226.64318561553955,0.7156652212142944,-0.5290425419807434,-0.0782470554113388,0.9914616346359253,526.4053201675415,230.90745449066162,-0.6548190712928772,-0.5695863366127014,-0.15840810537338257,0.9499534368515015,207.9908037185669,225.13150691986084,0.7072880268096924,-0.532077431678772,-0.11866026371717453,0.9924750924110413,528.8070774078369,229.2879295349121,-0.6343147158622742,-0.6144943237304688,-0.191267192363739,0.9533950090408325,206.61163330078125,224.3227243423462,0.6752391457557678,-0.49130991101264954,-0.11006997525691986,0.9912221431732178,523.1628942489624,230.27679920196533,-0.6269779205322266,-0.553620457649231,-0.14611877501010895,0.96314936876297,211.73585414886475,225.86746215820312,0.10012434422969818,0.012747030705213547,0.01374609861522913,0.9998630881309509,385.1563310623169,347.17071533203125,-0.09823651611804962,-0.017942659556865692,-0.011284258216619492,0.9998602867126465,345.40698051452637,343.9087772369385,0.3779200613498688,0.28392478823661804,-0.051069874316453934,0.9733396768569946,448.2169532775879,400.9002685546875,-0.40942367911338806,-0.009586842730641365,-0.14933465421199799,0.9914342761039734,265.0007915496826,359.2940139770508,0.6815258860588074,0.49863409996032715,0.0547490268945694,0.9641889929771423,514.6305513381958,447.28468894958496,-0.45695143938064575,0.39732494950294495,-0.011386781930923462,0.9345546364784241,259.2261028289795,444.32312965393066,0.6899160146713257,0.5157514214515686,0.06649845093488693,0.8169832825660706,518.3014440536499,455.2408790588379,-0.46231502294540405,0.4311254620552063,-0.03615253418684006,0.8742088675498962,266.9372606277466,457.3215579986572,0.7061512470245361,0.47936877608299255,0.006663504522293806,0.9360651969909668,525.5797147750854,458.0969524383545,-0.530532717704773,0.4403281509876251,-0.06841975450515747,0.8988546133041382,226.52791500091553,457.4794006347656
10,0.041666666666666664,-0.1294938325881958,-0.597741425037384,-0.2079416960477829,0.9998562335968018,340.3340220451355,210.68703174591064,-0.10405684262514114,-0.6126825213432312,-0.21833112835884094,0.9989475011825562,345.1409912109375,203.93513202667236,-0.1037134975194931,-0.613660991191864,-0.21334993839263916,0.9988671541213989,347.42398023605347,203.47894191741943,-0.10480696707963943,-0.6159818768501282,-0.21519622206687927,0.9989694952964783,349.72503662109375,203.032865524292,-0.11147711426019669,-0.624405562877655,-0.2170562595129013,0.9992097020149231,343.1135630607605,204.04629707336426,-0.10940743237733841,-0.6246060132980347,-0.2252364605665207,0.9993531703948975,344.06664848327637,203.74327182769775,-0.10533081740140915,-0.6124032735824585,-0.20711061358451843,0.9993950128555298,344.94137048721313,203.34481716156006,0.006030545104295015,-0.5887494087219238,-0.19992762804031372,0.9993807673454285,362.71388053894043,203.98959159851074,-0.05848032236099243,-0.5565183758735657,-0.10779747366905212,0.999295175075531,355.3568387031555,204.6786403656006,-0.06847134232521057,-0.5814597606658936,-0.19281138479709625,0.999640166759491,347.0900344848633,217.55501747131348,-0.08455125242471695,-0.5496068000793457,-0.19416947662830353,0.9994973540306091,344.79689598083496,217.72594928741455,0.18087594211101532,-0.4675394892692566,-0.06868352741003036,0.9998157024383545,403.0009174346924,236.61147594451904,-0.11989016085863113,-0.5276322960853577,0.019451919943094254,0.9996464848518372,335.88001012802124,242.14519500732422,0.43765515089035034,-0.5148391127586365,-0.09921322017908096,0.9978124499320984,460.6096601486206,238.73286724090576,-0.3745640814304352,-0.48095592856407166,-0.016125408932566643,0.9871767163276672,278.7240672111511,233.56093883514404,0.6618326902389526,-0.5091183185577393,-0.08912186324596405,0.9965935349464417,513.214430809021,231.6491460800171,-0.6222406029701233,-0.541251003742218,-0.12514857947826385,0.9766256213188171,225.51011323928833,227.33718395233154,0.715703010559082,-0.528994083404541,-0.07773616164922714,0.9916941523551941,527.8930234909058,231.79658889770508,-0.6542422771453857,-0.5695852041244507,-0.1584433764219284,0.9514539837837219,209.41696643829346,225.82684993743896,0.7073196768760681,-0.5320540070533752,-0.11826197803020477,0.9926765561103821,530.3551197052002,230.10380744934082,-0.6334893107414246,-0.6144124269485474,-0.1913003921508789,0.954788088798523,208.11980724334717,224.993634223938,0.6752520203590393,-0.4912794232368469,-0.10976220667362213,0.9914422631263733,524.6534299850464,231.00959300994873,-0.6262989640235901,-0.553627073764801,-0.14617744088172913,0.9641315937042236,213.22147607803345,226.52903079986572,0.1001254990696907,0.012734632007777691,0.013782886788249016,0.9998665452003479,386.7044162750244,347.99577713012695,-0.09823581576347351,-0.017915265634655952,-0.011313390918076038,0.9998646974563599,346.743643283844,344.7129535675049,0.37796705961227417,0.2837304472923279,-0.05098699778318405,0.973964512348175,449.620156288147,401.61160469055176,-0.4091304540634155,-0.009597661904990673,-0.1504293531179428,0.9917635321617126,266.5037941932678,360.0490951538086,0.6814960837364197,0.49841681122779846,0.054984867572784424,0.9650357365608215,515.7281541824341,447.67032623291016,-0.4563666582107544,0.39738741517066956,-0.012333040125668049,0.9363573789596558,260.78534603118896,445.1949691772461,0.6898900866508484,0.5154933333396912,0.06677459925413132,0.8200827240943909,519.2848491668701,455.8598041534424,-0.4616217613220215,0.4312102198600769,-0.03703572228550911,0.8766092658042908,268.56579065322876,458.11540603637695,0.7063872218132019,0.47891032695770264,0.007084212265908718,0.9374469518661499,527.3313474655151,458.90058517456055,-0.5296097993850708,0.4404204189777374,-0.06970380246639252,0.9012868404388428,227.89337396621704,458.2987976074219
11,0.04583333333333333,-0.12893398106098175,-0.5984916687011719,-0.20813436806201935,0.999862015247345,341.7334055900574,211.07335567474365,-0.10364313423633575,-0.6132059097290039,-0.21853074431419373,0.9989919662475586,346.6508388519287,204.33268547058105,-0.10329074412584305,-0.6141953468322754,-0.21354618668556213,0.9989144802093506,348.95163774490356,203.91107082366943,-0.10438241064548492,-0.6165057420730591,-0.21538665890693665,0.9990124702453613,351.2612986564636,203.50623607635498,-0.1109929084777832,-0.6249485015869141,-0.21721753478050232,0.9992446303367615,344.5468497276306,204.43274974822998,-0.10893083363771439,-0.6251310110092163,-0.22542013227939606,0.9993815422058105,345.480751991272,204.1429567337036,-0.10489074885845184,-0.612955629825592,-0.20729540288448334,0.9994217753410339,346.3318705558777,203.7619972229004,0.00623852014541626,-0.5887675881385803,-0.2002110481262207,0.9994037747383118,363.99773597717285,204.67502117156982,-0.05824360251426697,-0.5566014051437378,-0.10785035043954849,0.9993236660957336,356.71828508377075,205.26808261871338,-0.06795547902584076,-0.5819129347801208,-0.19301404058933258,0.999655544757843,348.4437561035156,217.9876470565796,-0.08406876027584076,-0.5500856637954712,-0.1943194568157196,0.9995201826095581,346.09124422073364,218.16325664520264,0.1810498684644699,-0.4675355553627014,-0.06889676302671432,0.9998213648796082,404.2379951477051,237.2582244873047,-0.1195860281586647,-0.5276455879211426,0.019230438396334648,0.9996596574783325,337.0063877105713,242.8611660003662,0.43775591254234314,-0.5147913694381714,-0.0995272547006607,0.9978675246238708,461.6213893890381,239.32634353637695,-0.3743298649787903,-0.48103830218315125,-0.016233976930379868,0.987663209438324,280.03586053848267,234.07198905944824,0.6618326902389526,-0.5088606476783752,-0.08950130641460419,0.9967203140258789,514.3754196166992,232.2352123260498,-0.6218571662902832,-0.5412137508392334,-0.12524865567684174,0.9775866866111755,226.7507529258728,227.93199062347412,0.7157027125358582,-0.5286337733268738,-0.0781240314245224,0.991963267326355,529.1697549819946,232.559494972229,-0.6538074612617493,-0.5694615244865417,-0.15863510966300964,0.9530797600746155,210.61638593673706,226.4274787902832,0.7073220610618591,-0.5317628383636475,-0.11866322159767151,0.9929129481315613,531.6760110855103,230.80219745635986,-0.6329360008239746,-0.6141295433044434,-0.19154702126979828,0.9563077688217163,209.2993140220642,225.69035053253174,0.6752445697784424,-0.49099427461624146,-0.11015475541353226,0.9917044639587402,525.8868598937988,231.60245418548584,-0.6258294582366943,-0.5535634160041809,-0.1462964564561844,0.9652179479598999,214.38690662384033,227.22062587738037,0.10012832283973694,0.012719591148197651,0.013845681212842464,0.9998701810836792,388.029727935791,348.4585475921631,-0.09823598712682724,-0.017885321751236916,-0.011369412764906883,0.9998687505722046,348.07485580444336,345.2551460266113,0.3780842423439026,0.2837405204772949,-0.05079568549990654,0.9744477868080139,450.87414264678955,402.1322536468506,-0.40888386964797974,-0.009577886201441288,-0.15146368741989136,0.9920124411582947,267.8578805923462,360.7309055328369,0.681458592414856,0.4984542727470398,0.05518848076462746,0.965810239315033,516.7333173751831,447.9847812652588,-0.4557514786720276,0.3975936770439148,-0.012719479389488697,0.9375422596931458,262.13732957839966,445.64732551574707,0.6898447871208191,0.5155478119850159,0.06699389964342117,0.8228039741516113,520.2968788146973,456.3303852081299,-0.46091246604919434,0.4314330816268921,-0.03734511509537697,0.8779003024101257,269.9143624305725,458.52782249450684,0.7066062688827515,0.47892212867736816,0.007321747485548258,0.9388359189033508,528.3485698699951,459.45765495300293,-0.5285977721214294,0.44062525033950806,-0.07027827948331833,0.9030590057373047,229.17778730392456,458.8635063171387
12,0.05,-0.12888607382774353,-0.5988118052482605,-0.20790903270244598,0.9998607635498047,343.2109594345093,211.89311027526855,-0.10359068214893341,-0.6134453415870667,-0.2183382511138916,0.9989868402481079,348.0767011642456,205.16813278198242,-0.10323351621627808,-0.6144481897354126,-0.2133546769618988,0.9989084601402283,350.28692722320557,204.7383213043213,-0.1043240875005722,-0.6167520880699158,-0.21519607305526733,0.9990108609199524,352.5600028038025,204.32048320770264,-0.11090701073408127,-0.6252319812774658,-0.2169957309961319,0.9992396235466003,346.0923171043396,205.23789882659912,-0.10885096341371536,-0.6254029870033264,-0.22518955171108246,0.9993755221366882,347.07855463027954,204.93746280670166,-0.1048244833946228,-0.6132310032844543,-0.20706166326999664,0.9994174838066101,347.95565843582153,204.54763412475586,0.006351572927087545,-0.5888102650642395,-0.20016440749168396,0.9994012713432312,365.62954902648926,205.31744956970215,-0.058117810636758804,-0.5567671060562134,-0.10767745226621628,0.9993152022361755,358.4468078613281,206.0091733932495,-0.0678727775812149,-0.5821456909179688,-0.1928643435239792,0.9996551871299744,349.83771085739136,218.8568115234375,-0.08398975431919098,-0.5503566861152649,-0.1941225826740265,0.9995191693305969,347.65424251556396,219.0157413482666,0.18132412433624268,-0.4675658643245697,-0.06885921210050583,0.9998229742050171,405.75440883636475,238.00103187561035,-0.11948500573635101,-0.527751088142395,0.019310610368847847,0.9996603727340698,338.76561641693115,243.73964309692383,0.4385702610015869,-0.5147918462753296,-0.09942909330129623,0.9978659152984619,463.4823703765869,240.25182723999023,-0.37429648637771606,-0.481160044670105,-0.016203498467803,0.9876506328582764,281.5454077720642,235.0243377685547,0.6619742512702942,-0.5089163184165955,-0.08919733017683029,0.9967576861381531,516.1617279052734,233.0797576904297,-0.6216947436332703,-0.5414498448371887,-0.12514427304267883,0.9773814082145691,228.16567182540894,228.7918996810913,0.7157711982727051,-0.5287460684776306,-0.07777927815914154,0.9920246601104736,530.7711839675903,233.24777126312256,-0.6535971164703369,-0.5697445273399353,-0.15854933857917786,0.9524288177490234,212.14033126831055,227.19635009765625,0.707345187664032,-0.532021701335907,-0.11833620071411133,0.9929602742195129,533.4751081466675,231.39122486114502,-0.6326972842216492,-0.6143649816513062,-0.19143100082874298,0.9556739926338196,210.81334590911865,226.5575408935547,0.6753013134002686,-0.49108418822288513,-0.10987354815006256,0.9917448163032532,527.6288366317749,232.2473430633545,-0.625638484954834,-0.5538228750228882,-0.14618492126464844,0.9646483063697815,215.9095859527588,228.07044982910156,0.10012948513031006,0.012710180133581161,0.013871331699192524,0.999871551990509,389.65553283691406,349.34194564819336,-0.09823548048734665,-0.017863484099507332,-0.011390015482902527,0.9998700618743896,349.61418628692627,346.14423751831055,0.3780820965766907,0.283671498298645,-0.05078328400850296,0.9742459654808044,452.5399875640869,402.90736198425293,-0.40830060839653015,-0.00979597121477127,-0.15167777240276337,0.992010235786438,269.5544099807739,361.54486656188965,0.6813866496086121,0.49822917580604553,0.05516568198800087,0.9655307531356812,518.4204912185669,449.1225528717041,-0.45489802956581116,0.3973648250102997,-0.012810573913156986,0.9370215535163879,263.85688304901123,446.4591121673584,0.68976891040802,0.5152727961540222,0.06696412712335587,0.8213629722595215,521.8503284454346,457.36756324768066,-0.46001213788986206,0.43120843172073364,-0.03743024915456772,0.8771733045578003,271.5404677391052,459.24622535705566,0.7066224813461304,0.4785507023334503,0.007307804189622402,0.9383390545845032,529.2707347869873,460.2509021759033,-0.527662456035614,0.44036611914634705,-0.07020186632871628,0.9022629857063293,230.5987787246704,459.6025085449219
13,0.05416666666666667,-0.12870477139949799,-0.5999478101730347,-0.20728307962417603,0.9998611807823181,344.6243977546692,212.03809261322021,-0.10349205136299133,-0.6143693327903748,-0.21771393716335297,0.9989941120147705,349.5153737068176,205.28918266296387,-0.10312744975090027,-0.615397572517395,-0.21273651719093323,0.9989156723022461,351.732873916626,204.88191604614258,-0.1042160615324974,-0.61768639087677,-0.21458999812602997,0.9990196824073792,353.9688491821289,204.48237419128418,-0.11075684428215027,-0.6261328458786011,-0.21640168130397797,0.9992462992668152,347.4587416648865,205.38053512573242,-0.10871412605047226,-0.6262770891189575,-0.22456999123096466,0.9993796348571777,348.40725660324097,205.09085655212402,-0.10470360517501831,-0.6141348481178284,-0.20643936097621918,0.9994229078292847,349.25552129745483,204.72105503082275,0.00644702510908246,-0.5890924334526062,-0.19960734248161316,0.9994032979011536,366.9284248352051,205.57062149047852,-0.058000121265649796,-0.5570507049560547,-0.10727193206548691,0.9993188977241516,359.6978974342346,206.2799835205078,-0.06763331592082977,-0.5830045342445374,-0.19228802621364594,0.9996603727340698,351.25200748443604,219.01951789855957,-0.0837705135345459,-0.5511651635169983,-0.19358810782432556,0.9995269179344177,349.046995639801,219.2016077041626,0.18161578476428986,-0.4676557183265686,-0.06845542043447495,0.9998255968093872,407.1349096298218,238.2672643661499,-0.11924247443675995,-0.5278184413909912,0.019570479169487953,0.9996655583381653,340.38092851638794,244.14313316345215,0.43868738412857056,-0.5147874355316162,-0.09867654740810394,0.9978800415992737,464.84428882598877,240.5210781097412,-0.3741842806339264,-0.48115476965904236,-0.015751581639051437,0.9878079891204834,283.2983064651489,235.2751636505127,0.6618308424949646,-0.5087659955024719,-0.08800432831048965,0.9968475699424744,517.1200704574585,233.48331928253174,-0.6212167143821716,-0.5413427948951721,-0.1248743087053299,0.9778585433959961,229.61153268814087,229.10933017730713,0.7154913544654846,-0.5285677909851074,-0.07634485512971878,0.9922187924385071,531.7232179641724,233.67133140563965,-0.6529718041419983,-0.5696136355400085,-0.15840163826942444,0.9532173871994019,213.71362924575806,227.46271133422852,0.7069870829582214,-0.5319098234176636,-0.11700747162103653,0.9931277632713318,534.3684768676758,231.7866325378418,-0.6318549513816833,-0.6141505837440491,-0.1912633329629898,0.9564000368118286,212.2711157798767,226.85052394866943,0.6750341057777405,-0.49093806743621826,-0.1086513102054596,0.9919118881225586,528.5911273956299,232.6929473876953,-0.6250270009040833,-0.5537114143371582,-0.14590413868427277,0.9650673270225525,217.33742237091064,228.36419105529785,0.10014070570468903,0.012704374268651009,0.013926167972385883,0.9998722076416016,391.17804050445557,349.66458320617676,-0.09824050217866898,-0.017846666276454926,-0.011440188623964787,0.9998708367347717,351.06075525283813,346.49502754211426,0.3781210482120514,0.28365448117256165,-0.0504884235560894,0.974422037601471,454.35972690582275,403.36873054504395,-0.40787121653556824,-0.009926029480993748,-0.15323710441589355,0.992178201675415,271.0868525505066,361.93273544311523,0.6813903450965881,0.49816522002220154,0.05523594096302986,0.9661905765533447,520.0534629821777,449.37981605529785,-0.4542365074157715,0.3972966969013214,-0.01298477966338396,0.937353253364563,265.37816762924194,446.58342361450195,0.6897752285003662,0.5151868462562561,0.06701481342315674,0.8225834965705872,523.969316482544,457.87891387939453,-0.4593101739883423,0.43114739656448364,-0.037504278123378754,0.8771496415138245,272.97208070755005,459.4101333618164,0.7066829204559326,0.47761574387550354,0.007319149561226368,0.9393694400787354,531.1681079864502,460.59682846069336,-0.5269409418106079,0.44025129079818726,-0.07024853676557541,0.9027908444404602,232.27972984313965,459.9421691894531
14,0.058333333333333334,-0.12833650410175323,-0.6008467078208923,-0.20727995038032532,0.999862551689148,346.096351146698,212.19677925109863,-0.10324696451425552,-0.6150108575820923,-0.21767562627792358,0.9990069270133972,351.0573434829712,205.4681396484375,-0.10287650674581528,-0.616058886051178,-0.21269680559635162,0.9989293217658997,353.2789635658264,205.07944107055664,-0.10396117717027664,-0.6183319687843323,-0.2145540416240692,0.999032735824585,355.51137685775757,204.70234394073486,-0.1104598343372345,-0.6267607808113098,-0.2163965404033661,0.9992569088935852,349.03658866882324,205.54834842681885,-0.10842442512512207,-0.6268929243087769,-0.224570631980896,0.9993877410888672,350.0007891654968,205.26655197143555,-0.10444032400846481,-0.6147586703300476,-0.20643240213394165,0.9994311928749084,350.8554482460022,204.9074649810791,0.006584374234080315,-0.5891597270965576,-0.1996133178472519,0.9994096159934998,368.28935623168945,205.91307163238525,-0.05784470587968826,-0.557148814201355,-0.10737979412078857,0.9993260502815247,361.3287019729614,206.57784461975098,-0.06724516302347183,-0.583609938621521,-0.19231702387332916,0.9996663928031921,352.61341094970703,219.2058563232422,-0.08341696858406067,-0.5517695546150208,-0.19365304708480835,0.9995359182357788,350.4555416107178,219.39127922058105,0.18180084228515625,-0.4676557779312134,-0.06862548738718033,0.9998282194137573,408.62531661987305,238.62932682037354,-0.11897104978561401,-0.5278218984603882,0.019491491839289665,0.9996722340583801,341.72070264816284,244.4263458251953,0.4387284815311432,-0.5147860050201416,-0.0989304929971695,0.9978958964347839,466.1121368408203,240.80263137817383,-0.37398144602775574,-0.4811848998069763,-0.01582573726773262,0.9881104230880737,284.6281027793884,235.55427074432373,0.6618043780326843,-0.5086756944656372,-0.08834665268659592,0.9968993067741394,518.8722610473633,233.6770534515381,-0.620826780796051,-0.5413515567779541,-0.12491864711046219,0.9784771203994751,230.98353624343872,229.41781997680664,0.7154532074928284,-0.5284213423728943,-0.07672125846147537,0.9923241138458252,533.5945844650269,233.9674186706543,-0.6525425314903259,-0.5696142911911011,-0.15843074023723602,0.9542517066001892,215.1546835899353,227.79810905456543,0.7069405317306519,-0.53177809715271,-0.11739055067300797,0.9932189583778381,536.209716796875,232.14158535003662,-0.6313315033912659,-0.6141390204429626,-0.19129301607608795,0.9573630094528198,213.75465631484985,227.0890188217163,0.6749652028083801,-0.4908279478549957,-0.10901518166065216,0.9920154809951782,530.3759765625,233.0344533920288,-0.6245722770690918,-0.5537179708480835,-0.14595474302768707,0.9657547473907471,218.8041615486145,228.5884952545166,0.10014266520738602,0.012691478244960308,0.013941592536866665,0.9998733997344971,392.6811933517456,349.8490333557129,-0.0982404574751854,-0.01782136783003807,-0.011451825499534607,0.9998725652694702,352.5625991821289,346.67784690856934,0.3781334161758423,0.2836695909500122,-0.050488341599702835,0.9742445349693298,455.8240842819214,403.73010635375977,-0.40772876143455505,-0.009911248460412025,-0.15314649045467377,0.9922031760215759,272.48220205307007,362.20624923706055,0.6813737154006958,0.49809500575065613,0.05523957684636116,0.9656590819358826,521.5186786651611,449.5593738555908,-0.45389246940612793,0.3973359167575836,-0.012906030751764774,0.9368225336074829,266.7075562477112,446.76655769348145,0.689764142036438,0.515089213848114,0.06702279299497604,0.8207697868347168,525.2900791168213,458.1398677825928,-0.45891234278678894,0.4311906397342682,-0.037433743476867676,0.8762127757072449,274.3874716758728,459.6265697479248,0.7067834138870239,0.47756093740463257,0.007406892254948616,0.938476026058197,533.12255859375,460.78542709350586,-0.5265317559242249,0.44037219882011414,-0.07012134790420532,0.9017863273620605,233.97432804107666,460.259485244751
15,0.0625,-0.1280539184808731,-0.6016854047775269,-0.20616555213928223,0.999860405921936,347.26064443588257,212.36928462982178,-0.1030384823679924,-0.6157326102256775,-0.21625027060508728,0.9989976286888123,352.2135257720947,205.5735683441162,-0.10264902561903,-0.6168052554130554,-0.2112753689289093,0.9989173412322998,354.4867515563965,205.1891040802002,-0.10372913628816605,-0.6190574169158936,-0.2131403535604477,0.9990246891975403,356.7075777053833,204.82017517089844,-0.11025070399045944,-0.6275094151496887,-0.21510529518127441,0.9992501139640808,350.0749468803406,205.67696571350098,-0.10823369026184082,-0.627616822719574,-0.22323623299598694,0.9993802309036255,350.98485946655273,205.40306568145752,-0.1042700931429863,-0.6155038475990295,-0.20511488616466522,0.9994258284568787,351.81402683258057,205.05257606506348,0.00679551437497139,-0.5894303917884827,-0.19738979637622833,0.999403178691864,369.4697427749634,206.02612495422363,-0.057830050587654114,-0.5575221180915833,-0.10587424784898758,0.9993160367012024,362.3201322555542,206.69360160827637,-0.06693194061517715,-0.5842801928520203,-0.19106796383857727,0.9996649026870728,353.8649296760559,219.3498945236206,-0.08323980867862701,-0.5524507761001587,-0.1925271600484848,0.9995341897010803,351.5278887748718,219.531569480896,0.18191568553447723,-0.46775513887405396,-0.06711474061012268,0.9998279213905334,409.851450920105,238.90236854553223,-0.11887920647859573,-0.5280159711837769,0.02105657197535038,0.9996728897094727,342.86452531814575,244.70229148864746,0.43878036737442017,-0.5149118900299072,-0.09634646773338318,0.9978599548339844,466.80655002593994,241.08939170837402,-0.3739718794822693,-0.48133939504623413,-0.013733582571148872,0.9879345297813416,285.63775062561035,235.71617603302002,0.6617459654808044,-0.5087901949882507,-0.08429320156574249,0.9968821406364441,519.5347452163696,233.92483234405518,-0.6207994818687439,-0.5413509607315063,-0.12308520078659058,0.9782987833023071,231.83849573135376,229.67602729797363,0.7153122425079346,-0.5286204814910889,-0.07251109927892685,0.9922715425491333,534.212908744812,234.22142028808594,-0.652522087097168,-0.5696128010749817,-0.15673787891864777,0.9538325071334839,215.90048789978027,227.99371719360352,0.7067399024963379,-0.5320205092430115,-0.11302145570516586,0.9931651949882507,536.7446994781494,232.4005365371704,-0.6313408613204956,-0.6140888929367065,-0.18958641588687897,0.9569314122200012,214.52410697937012,227.32628345489502,0.674828290939331,-0.4909490942955017,-0.10486864298582077,0.9919466376304626,531.0042572021484,233.26645374298096,-0.6245490312576294,-0.5537161231040955,-0.14412851631641388,0.9653263092041016,219.6498942375183,228.8752269744873,0.10014434903860092,0.01268978975713253,0.013955115340650082,0.9998748302459717,393.758282661438,350.2386474609375,-0.09824024885892868,-0.017814066261053085,-0.011459900066256523,0.9998745918273926,353.7449598312378,346.95613861083984,0.3781920075416565,0.2836860120296478,-0.0503409244120121,0.9744154810905457,457.2447967529297,404.10767555236816,-0.4077328145503998,-0.010286501608788967,-0.15357863903045654,0.9923721551895142,273.5313320159912,362.3810291290283,0.6813775300979614,0.49752646684646606,0.05602145940065384,0.9656176567077637,522.8343343734741,449.87196922302246,-0.4537811875343323,0.3972698450088501,-0.013432489708065987,0.9376561641693115,267.8544044494629,446.8922424316406,0.6897691488265991,0.5144018530845642,0.06795894354581833,0.8210732936859131,526.3839054107666,458.41755867004395,-0.45876750349998474,0.4311477243900299,-0.03792504593729973,0.8772021532058716,275.59781312942505,459.9086666107178,0.7072210311889648,0.4770503640174866,0.009015143848955631,0.9381812214851379,534.553484916687,460.9591484069824,-0.5264354348182678,0.4403820335865021,-0.07065238058567047,0.9024068713188171,234.8763871192932,460.4850769042969
16,0.06666666666666667,-0.12792161107063293,-0.6023101210594177,-0.20568206906318665,0.9998546838760376,348.2061982154846,212.33442306518555,-0.10291760414838791,-0.6162346005439758,-0.21572570502758026,0.9989643096923828,353.2314348220825,205.53123950958252,-0.10252397507429123,-0.617320716381073,-0.21075081825256348,0.9988805651664734,355.49129247665405,205.16369819641113,-0.1036052405834198,-0.6195580959320068,-0.21262037754058838,0.9989950656890869,357.7289414405823,204.80775833129883,-0.11009339243173599,-0.6280050277709961,-0.2145242840051651,0.9992251992225647,351.077663898468,205.63146114349365,-0.10808887332677841,-0.6281092762947083,-0.22264081239700317,0.9993581771850586,351.9592523574829,205.3594207763672,-0.10413020849227905,-0.615999698638916,-0.20451723039150238,0.9994081258773804,352.75726318359375,205.0147819519043,0.0069836764596402645,-0.5895421504974365,-0.19703297317028046,0.9993838667869568,370.4905700683594,206.0588550567627,-0.05764209106564522,-0.5576546788215637,-0.10530485212802887,0.9992925524711609,363.1982231140137,206.69282913208008,-0.0667492225766182,-0.5847400426864624,-0.19068074226379395,0.9996583461761475,354.74905014038086,219.33454513549805,-0.08307339251041412,-0.5529094338417053,-0.19207830727100372,0.9995251297950745,352.38720417022705,219.49725151062012,0.18220168352127075,-0.46775442361831665,-0.06710522621870041,0.9998273253440857,410.80082416534424,238.87085437774658,-0.11860524863004684,-0.5280175805091858,0.021436182782053947,0.99967360496521,344.0188193321228,244.76491928100586,0.43887290358543396,-0.5149123072624207,-0.09626533836126328,0.997861385345459,467.8283214569092,241.07291221618652,-0.37353044748306274,-0.48129597306251526,-0.01303746085613966,0.9879864454269409,286.977117061615,235.7269048690796,0.6617261171340942,-0.5087113380432129,-0.08378694951534271,0.9969108700752258,520.8254241943359,233.91393184661865,-0.6199621558189392,-0.5411677956581116,-0.12259751558303833,0.9786734580993652,233.15099716186523,229.77333068847656,0.7152648568153381,-0.5285204648971558,-0.07188460975885391,0.9923197031021118,535.4411029815674,234.22968864440918,-0.6516014337539673,-0.5694118738174438,-0.15632015466690063,0.9544945359230042,217.30828285217285,228.11705589294434,0.7066946625709534,-0.5319146513938904,-0.11246586591005325,0.9932023286819458,537.9755973815918,232.4380588531494,-0.6302868127822876,-0.6137672662734985,-0.18922391533851624,0.9575421810150146,215.86132764816284,227.39526271820068,0.6747788190841675,-0.4908504784107208,-0.10437251627445221,0.9919805526733398,532.2420644760132,233.31679344177246,-0.6236315965652466,-0.5535200834274292,-0.14367049932479858,0.9657206535339355,220.9870719909668,228.9169406890869,0.10014998912811279,0.012685834430158138,0.013957258313894272,0.9998762607574463,394.75048542022705,350.31163215637207,-0.09824223816394806,-0.017801592126488686,-0.01146082766354084,0.9998761415481567,354.83994483947754,346.9361686706543,0.3782930076122284,0.2837093770503998,-0.0503433458507061,0.9745330214500427,458.5474920272827,404.3027973175049,-0.40757691860198975,-0.010174829512834549,-0.15370073914527893,0.9924495220184326,274.4836449623108,362.4836540222168,0.6813811659812927,0.49739712476730347,0.05606730282306671,0.9658320546150208,524.0638589859009,449.9366855621338,-0.45292210578918457,0.39727187156677246,-0.0133220748975873,0.937836766242981,269.06006813049316,446.868953704834,0.6897748708724976,0.5142397284507751,0.0680253729224205,0.8213658928871155,527.6040744781494,458.50098609924316,-0.45781421661376953,0.4311451017856598,-0.03784463182091713,0.8774155974388123,276.88121795654297,459.973783493042,0.7073681354522705,0.4768909513950348,0.009130680933594704,0.938349187374115,535.158805847168,461.1324977874756,-0.5257805585861206,0.44038572907447815,-0.0705549344420433,0.9024476408958435,236.22912168502808,460.5150318145752
17,0.07083333333333333,-0.12704572081565857,-0.6032400131225586,-0.2055649757385254,0.9998571872711182,349.2759704589844,212.2382926940918,-0.10231839120388031,-0.6169872879981995,-0.21555018424987793,0.9989848136901855,354.3010354042053,205.44392108917236,-0.10191995650529861,-0.61809241771698,-0.21057313680648804,0.9989035129547119,356.5599274635315,205.07792472839355,-0.10299734771251678,-0.620315670967102,-0.2124483287334442,0.9990153312683105,358.8271450996399,204.7252321243286,-0.10944768786430359,-0.6286783814430237,-0.21442826092243195,0.999241054058075,352.1824550628662,205.53726196289062,-0.1074562668800354,-0.6287675499916077,-0.22254280745983124,0.9993709325790405,353.06747674942017,205.26381969451904,-0.10352510958909988,-0.6166638731956482,-0.20441356301307678,0.9994198679924011,353.85342836380005,204.91865158081055,0.007298779208213091,-0.5897685289382935,-0.19680489599704742,0.9993923306465149,371.51474475860596,205.99629878997803,-0.05738270282745361,-0.5577536821365356,-0.105375275015831,0.9993029236793518,364.25758838653564,206.61643981933594,-0.06585947424173355,-0.5854634642601013,-0.1905408799648285,0.9996644258499146,355.77605724334717,219.23535346984863,-0.08226469159126282,-0.553526759147644,-0.19203606247901917,0.9995337724685669,353.44244956970215,219.39890384674072,0.1826460063457489,-0.46782371401786804,-0.0671011209487915,0.9998305439949036,411.82190895080566,238.7693166732788,-0.11810549348592758,-0.5280261039733887,0.021353067830204964,0.999679446220398,344.8547673225403,244.69568252563477,0.4390270411968231,-0.5149624943733215,-0.0962875485420227,0.9978832006454468,468.73576641082764,240.9415340423584,-0.3728906810283661,-0.4813321530818939,-0.013104349374771118,0.9881986379623413,288.00811529159546,235.61322212219238,0.661776065826416,-0.5086939930915833,-0.0837956964969635,0.9969869256019592,521.7476320266724,233.78512859344482,-0.6186736822128296,-0.5411498546600342,-0.12252230942249298,0.9791882634162903,234.32546138763428,229.68714237213135,0.7153148651123047,-0.5284716486930847,-0.07175033539533615,0.9924799799919128,536.5439414978027,234.09125804901123,-0.6501549482345581,-0.5693379044532776,-0.15626531839370728,0.9553468823432922,218.53379487991333,228.03102493286133,0.7067714929580688,-0.5318735837936401,-0.11248362064361572,0.9933460354804993,539.0712261199951,232.32972621917725,-0.6285502910614014,-0.6136146187782288,-0.18916922807693481,0.958336591720581,217.01313257217407,227.27964878082275,0.6748070120811462,-0.4908214211463928,-0.10442039370536804,0.9921414852142334,533.3525848388672,233.20580005645752,-0.622164249420166,-0.5534943342208862,-0.14359784126281738,0.9662657380104065,222.14258909225464,228.79972457885742,0.1001548171043396,0.012661807239055634,0.013988337479531765,0.999877393245697,395.58669090270996,350.20182609558105,-0.09824296832084656,-0.01776077039539814,-0.011488744989037514,0.9998771548271179,355.7089161872864,346.80490493774414,0.3783772587776184,0.28372758626937866,-0.0502665676176548,0.9747135043144226,459.4856643676758,404.192419052124,-0.4065224528312683,-0.009988920763134956,-0.15436479449272156,0.9925628304481506,275.6096577644348,362.4722385406494,0.6814896464347839,0.4974176585674286,0.055878084152936935,0.9664941430091858,525.3469848632812,449.8073387145996,-0.4512626528739929,0.3974348306655884,-0.01343066617846489,0.9382858276367188,270.10711669921875,446.73766136169434,0.6899048089981079,0.5142701864242554,0.06778433918952942,0.8230875134468079,529.06662940979,458.50147247314453,-0.45605388283729553,0.4313047528266907,-0.037893760949373245,0.8778608441352844,277.92253732681274,459.90506172180176,0.7079857587814331,0.47702136635780334,0.008806577883660793,0.9394780397415161,535.9976720809937,461.0987663269043,-0.524079442024231,0.44052547216415405,-0.07056210935115814,0.9031928181648254,237.09839344024658,460.40971755981445
18,0.075,-0.12681597471237183,-0.603243887424469,-0.2057621330022812,0.9998607635498047,350.5396771430969,212.16274738311768,-0.10209192335605621,-0.6170005202293396,-0.21574749052524567,0.9990113377571106,355.5247235298157,205.37333965301514,-0.10168565809726715,-0.6181017756462097,-0.21076859533786774,0.9989315271377563,357.7767062187195,205.00824451446533,-0.10276056826114655,-0.6203286051750183,-0.21263577044010162,0.9990406036376953,360.0707244873047,204.65909957885742,-0.10919973254203796,-0.6287041306495667,-0.21460887789726257,0.9992619156837463,353.4521269798279,205.45226097106934,-0.10720942914485931,-0.6287921667098999,-0.22275091707706451,0.999387800693512,354.3379855155945,205.1778745651245,-0.10330621153116226,-0.6166902780532837,-0.2046242505311966,0.999435544013977,355.10900259017944,204.83357906341553,0.007599251810461283,-0.5897634029388428,-0.19711199402809143,0.9994053244590759,372.7986001968384,205.9517526626587,-0.05717187002301216,-0.5577563047409058,-0.10558025538921356,0.9993193745613098,365.49299240112305,206.56107902526855,-0.0655936673283577,-0.5854659080505371,-0.19074241816997528,0.999672532081604,356.9408869743347,219.16168212890625,-0.08203713595867157,-0.5535458922386169,-0.19222328066825867,0.9995460510253906,354.698646068573,219.31317329406738,0.18291079998016357,-0.46780258417129517,-0.06732377409934998,0.9998332262039185,413.06323528289795,238.7028408050537,-0.1177864521741867,-0.528023898601532,0.021290816366672516,0.9996861815452576,346.10986948013306,244.57757949829102,0.4392246901988983,-0.5148077607154846,-0.09667827934026718,0.9978981018066406,470.15647888183594,240.79130172729492,-0.3727869987487793,-0.48135465383529663,-0.013219152577221394,0.9883973002433777,289.01952266693115,235.51486015319824,0.6618397831916809,-0.5083716511726379,-0.08437685668468475,0.9970395565032959,523.532223701477,233.6811876296997,-0.6183173656463623,-0.5411496162414551,-0.12256868928670883,0.9795246124267578,235.33989429473877,229.61636066436768,0.7153801918029785,-0.5281172394752502,-0.07240916788578033,0.9925962090492249,538.1956243515015,233.96638870239258,-0.6497223973274231,-0.569328248500824,-0.15633703768253326,0.9558365345001221,219.62202072143555,227.95527935028076,0.7068405747413635,-0.531572699546814,-0.11311125010251999,0.9934495687484741,540.7562971115112,232.23313808441162,-0.6279489994049072,-0.6135620474815369,-0.18925365805625916,0.958805501461029,218.15882205963135,227.16713905334473,0.6748364567756653,-0.4904833137989044,-0.10501585900783539,0.9922534227371216,535.1736974716187,233.12921047210693,-0.6217193007469177,-0.5534918904304504,-0.1436387151479721,0.9666045904159546,223.23652267456055,228.69707107543945,0.1001570075750351,0.012653902173042297,0.014001991599798203,0.999879002571106,396.85325145721436,350.03479957580566,-0.09824293851852417,-0.0177423357963562,-0.0114983469247818,0.9998793005943298,356.96056365966797,346.6879177093506,0.3783581256866455,0.28375160694122314,-0.050280239433050156,0.9746442437171936,460.3935384750366,404.08687591552734,-0.40638497471809387,-0.009976489469408989,-0.15449774265289307,0.9926018118858337,276.7804527282715,362.3561096191406,0.6812882423400879,0.4973595142364502,0.055843502283096313,0.9664761424064636,526.2355470657349,449.61639404296875,-0.4506101906299591,0.39753416180610657,-0.013944496400654316,0.9386164546012878,271.2063503265381,446.66948318481445,0.689688503742218,0.5141802430152893,0.0677504613995552,0.822842001914978,529.9161386489868,458.32775115966797,-0.4553009271621704,0.4314189553260803,-0.0384095199406147,0.878211498260498,279.144229888916,459.86523628234863,0.7078960537910461,0.4769505262374878,0.008755217306315899,0.9396569132804871,536.5396928787231,460.9720516204834,-0.52312171459198,0.44075077772140503,-0.07125677913427353,0.903861939907074,238.64353895187378,460.3494071960449
19,0.07916666666666666,-0.1267269253730774,-0.6036335825920105,-0.20527766644954681,0.9998605847358704,351.3340187072754,212.0489501953125,-0.10195215791463852,-0.6173831224441528,-0.21534137427806854,0.9990096092224121,356.21280670166016,205.24835586547852,-0.10154063999652863,-0.6184916496276855,-0.21036052703857422,0.9989284873008728,358.48787784576416,204.87836837768555,-0.10261373966932297,-0.6207132935523987,-0.2122325301170349,0.999038577079773,360.71900367736816,204.52649116516113,-0.10902668535709381,-0.6291405558586121,-0.21412697434425354,0.9992623329162598,354.1408109664917,205.32342910766602,-0.10704939067363739,-0.6292263269424438,-0.22226184606552124,0.9993882179260254,355.0031518936157,205.04173278808594,-0.10315811634063721,-0.6171246767044067,-0.20413236320018768,0.9994373917579651,355.7845115661621,204.69077110290527,0.007824876345694065,-0.5899749994277954,-0.19693045318126678,0.9994007349014282,373.31169605255127,205.78439712524414,-0.056914158165454865,-0.5581371784210205,-0.10511736571788788,0.9993188977241516,366.0614490509033,206.38468265533447,-0.06549523025751114,-0.5858096480369568,-0.19037680327892303,0.9996715188026428,357.78316497802734,219.03263568878174,-0.08193673938512802,-0.5539258718490601,-0.19175633788108826,0.9995469450950623,355.50631284713745,219.16863441467285,0.18301346898078918,-0.4679117202758789,-0.06730207800865173,0.999833881855011,413.7796211242676,238.52275371551514,-0.11758486181497574,-0.5281506180763245,0.02162785455584526,0.9996907711029053,346.96869134902954,244.4186782836914,0.43919575214385986,-0.5148540139198303,-0.09664692729711533,0.9978631138801575,470.6029272079468,240.63365936279297,-0.37273719906806946,-0.4813571870326996,-0.01304633542895317,0.9883904457092285,289.8082637786865,235.34912109375,0.661805272102356,-0.5083688497543335,-0.08422308415174484,0.9970117807388306,523.9443826675415,233.52237224578857,-0.618259847164154,-0.5411308407783508,-0.12254565954208374,0.9796558022499084,235.84470748901367,229.50230598449707,0.7153375148773193,-0.5281074643135071,-0.07220567017793655,0.9925236701965332,538.6102294921875,233.7827968597412,-0.6496759057044983,-0.569299578666687,-0.1563115268945694,0.9560354948043823,219.99667167663574,227.8368902206421,0.706810474395752,-0.5315618515014648,-0.11288964748382568,0.9933791160583496,541.131591796875,232.0817470550537,-0.6279275417327881,-0.6134777665138245,-0.18922914564609528,0.9589866995811462,218.57943534851074,227.03264236450195,0.6747797131538391,-0.4904761016368866,-0.10484778881072998,0.9921655058860779,535.5643129348755,232.9864740371704,-0.6216657757759094,-0.5534651875495911,-0.1436222344636917,0.9666973352432251,223.6965537071228,228.58338832855225,0.10015740990638733,0.01264955010265112,0.014004071243107319,0.9998813271522522,397.6283884048462,349.8877143859863,-0.09824185818433762,-0.01772877387702465,-0.011499200016260147,0.9998820424079895,357.8837585449219,346.5413761138916,0.37841981649398804,0.28377172350883484,-0.05030257627367973,0.9746068120002747,461.39007568359375,404.00447845458984,-0.4061047434806824,-0.009967357851564884,-0.15438680350780487,0.992565393447876,277.6088261604309,362.2287940979004,0.6812906861305237,0.4973348081111908,0.05584830790758133,0.9663193821907043,527.044243812561,449.47028160095215,-0.45024099946022034,0.3975355625152588,-0.013892455026507378,0.9385243058204651,271.9896197319031,446.49078369140625,0.6896921992301941,0.5141274333000183,0.06775839626789093,0.8222471475601196,530.7137632369995,458.1664752960205,-0.4549170136451721,0.4314184784889221,-0.03837309405207634,0.8780649900436401,280.00491857528687,459.757719039917,0.70796799659729,0.47678321599960327,0.008792451582849026,0.9394448399543762,537.1999454498291,460.867223739624,-0.5228439569473267,0.4406823515892029,-0.07118663191795349,0.9037874937057495,239.26739931106567,460.1978588104248
20,0.08333333333333333,-0.1262422800064087,-0.6038298010826111,-0.20539462566375732,0.9998604655265808,352.04418182373047,211.99556350708008,-0.10146062076091766,-0.617540717124939,-0.21547172963619232,0.9990111589431763,356.95000648498535,205.18532752990723,-0.10104790329933167,-0.6186463236808777,-0.2104915827512741,0.998928964138031,359.20299768447876,204.79624271392822,-0.10211796313524246,-0.620871901512146,-0.21235665678977966,0.9990392923355103,361.44843578338623,204.428973197937,-0.10850086063146591,-0.6292988061904907,-0.21422719955444336,0.9992645978927612,354.8801565170288,205.2494716644287,-0.10653097927570343,-0.6293779015541077,-0.22236710786819458,0.9993894696235657,355.73468685150146,204.95176792144775,-0.10265201330184937,-0.6172823309898376,-0.20423264801502228,0.9994397759437561,356.514093875885,204.58381175994873,0.008493408560752869,-0.5900031328201294,-0.19713544845581055,0.9993952512741089,374.13519859313965,205.61842918395996,-0.056304868310689926,-0.5581762194633484,-0.10517361015081406,0.9993173480033875,366.87915802001953,206.2205171585083,-0.06493604928255081,-0.5859588980674744,-0.19049736857414246,0.9996719360351562,358.45792293548584,218.93892288208008,-0.08139668405056,-0.5540721416473389,-0.19185221195220947,0.999548614025116,356.1341643333435,219.06050205230713,0.18371586501598358,-0.4679086208343506,-0.06738316267728806,0.9998345375061035,414.46094512939453,238.418869972229,-0.11682771891355515,-0.5281499624252319,0.021563775837421417,0.9996943473815918,347.77183055877686,244.2688751220703,0.4396772086620331,-0.5148006081581116,-0.09675144404172897,0.9978623390197754,471.48719787597656,240.4529857635498,-0.37150847911834717,-0.4813199043273926,-0.013037632219493389,0.9884232878684998,290.9663772583008,235.20385265350342,0.6618187427520752,-0.5080235004425049,-0.08424845337867737,0.9970449209213257,524.5659255981445,233.39019298553467,-0.6166614890098572,-0.5408002734184265,-0.12253317981958389,0.9799820184707642,237.06255912780762,229.4029426574707,0.7153366804122925,-0.5276709794998169,-0.0721500813961029,0.9925919771194458,539.2864465713501,233.5695219039917,-0.6480108499526978,-0.5688686966896057,-0.1563168615102768,0.956589937210083,221.27175092697144,227.73778438568115,0.7068113684654236,-0.5311674475669861,-0.11291757225990295,0.993439793586731,541.7856645584106,231.9420576095581,-0.6261234879493713,-0.6128825545310974,-0.18924148380756378,0.9595177173614502,219.76138830184937,226.89947605133057,0.6747803092002869,-0.49011632800102234,-0.10486361384391785,0.9922208189964294,536.1836671829224,232.86249160766602,-0.6199707984924316,-0.5530882477760315,-0.1436140090227127,0.9670325517654419,224.90421295166016,228.4737253189087,0.10016625374555588,0.012642710469663143,0.014031979255378246,0.9998809695243835,398.2110929489136,349.7633743286133,-0.09824599325656891,-0.017714617773890495,-0.011525331065058708,0.9998817443847656,358.38762760162354,346.473970413208,0.3785516321659088,0.2837894558906555,-0.05023227632045746,0.9742465019226074,462.0388698577881,403.89430046081543,-0.4057607054710388,-0.009258963167667389,-0.15514333546161652,0.9925397038459778,278.2266569137573,362.0852565765381,0.6815070509910583,0.4973752200603485,0.055346690118312836,0.9664819240570068,527.9734897613525,449.3331813812256,-0.4493792653083801,0.39788925647735596,-0.014344352297484875,0.9378015398979187,272.8753066062927,446.32418632507324,0.6899010539054871,0.5141477584838867,0.06708662956953049,0.8215988874435425,531.8496036529541,457.99309730529785,-0.45400190353393555,0.43172022700309753,-0.038747310638427734,0.876707911491394,280.70568323135376,459.67440605163574,0.7081494927406311,0.4768286645412445,0.007411039434373379,0.9397624731063843,537.8759050369263,460.72208404541016,-0.5217409133911133,0.44079938530921936,-0.07172083854675293,0.9031141996383667,239.59718227386475,460.06982803344727
21,0.0875,-0.12572430074214935,-0.6037379503250122,-0.2055674046278,0.99986732006073,352.68542289733887,211.91290855407715,-0.10104767233133316,-0.6174901127815247,-0.21564456820487976,0.9990608096122742,357.2942519187927,205.0938892364502,-0.1006198525428772,-0.6185899376869202,-0.21066445112228394,0.9989821314811707,359.6504545211792,204.70144271850586,-0.1016891673207283,-0.6208195090293884,-0.21252427995204926,0.9990863800048828,361.97376251220703,204.33197021484375,-0.10811547935009003,-0.6292559504508972,-0.21438682079315186,0.9993019104003906,355.2386713027954,205.14215469360352,-0.10615458339452744,-0.6293419599533081,-0.22254568338394165,0.9994199872016907,356.0231637954712,204.83098983764648,-0.10230600088834763,-0.6172406673431396,-0.2044115513563156,0.9994676113128662,356.7698264122009,204.45196151733398,0.008916168473660946,-0.590012788772583,-0.19738970696926117,0.9994209408760071,374.7790575027466,205.47693729400635,-0.05618899688124657,-0.5581716299057007,-0.1053525060415268,0.9993477463722229,367.20818996429443,206.05992794036865,-0.06435506045818329,-0.5859118700027466,-0.1906832605600357,0.999685525894165,359.15591955184937,218.8445520401001,-0.080973319709301,-0.5540366172790527,-0.192025825381279,0.9995677471160889,356.83340549468994,218.94331455230713,0.18409417569637299,-0.4679461717605591,-0.06749881058931351,0.9998393058776855,415.16746044158936,238.3851671218872,-0.11624029278755188,-0.5281913876533508,0.021473204717040062,0.999704122543335,348.33908557891846,244.2341709136963,0.4397737979888916,-0.5147705674171448,-0.09681093692779541,0.9979144334793091,471.80768966674805,240.34283638000488,-0.3711265027523041,-0.4814300835132599,-0.01315351389348507,0.9887228608131409,291.2568926811218,235.10291576385498,0.661817729473114,-0.5076748132705688,-0.08420620113611221,0.9971528649330139,524.6268224716187,233.35251331329346,-0.6159617900848389,-0.540729820728302,-0.12260516732931137,0.9805660247802734,237.66594886779785,229.34024333953857,0.7153241634368896,-0.5271467566490173,-0.07199935615062714,0.992834746837616,539.3295335769653,233.41270923614502,-0.6472795009613037,-0.568625807762146,-0.15634526312351227,0.9576072096824646,221.77448272705078,227.72329330444336,0.7068110704421997,-0.5306873321533203,-0.11286262422800064,0.9936569333076477,541.7756223678589,231.87189102172852,-0.6250713467597961,-0.6123515963554382,-0.18927527964115143,0.9604783654212952,220.37675142288208,226.8704080581665,0.6747695803642273,-0.48971471190452576,-0.10479559749364853,0.992464542388916,536.2478685379028,232.83665657043457,-0.6191338896751404,-0.5529507398605347,-0.14368800818920135,0.9677689671516418,225.59530019760132,228.41126918792725,0.1001632884144783,0.012638550251722336,0.014043749310076237,0.9998828768730164,398.6827325820923,349.70781326293945,-0.09823741018772125,-0.017700478434562683,-0.011533748358488083,0.9998840093612671,358.88943672180176,346.43431663513184,0.37855884432792664,0.28380832076072693,-0.05023479089140892,0.9750021696090698,462.48355865478516,403.8768482208252,-0.40524205565452576,-0.009206083603203297,-0.1557418406009674,0.9927749633789062,278.8465476036072,362.03372955322266,0.681496262550354,0.49741873145103455,0.05502907186746597,0.9676817655563354,528.3660793304443,449.2885208129883,-0.44873175024986267,0.3980187773704529,-0.01476482953876257,0.939681351184845,273.48955392837524,446.30215644836426,0.6898940801620483,0.5141639113426208,0.06672534346580505,0.8260952830314636,532.3612833023071,457.860803604126,-0.4533180594444275,0.4318567216396332,-0.039106354117393494,0.8796477317810059,281.33941411972046,459.52380180358887,0.7081829905509949,0.476925790309906,0.006995128467679024,0.9418891668319702,538.5590314865112,460.7094383239746,-0.5211273431777954,0.44080764055252075,-0.07220092415809631,0.9060402512550354,239.80197429656982,460.0518608093262
22,0.09166666666666666,-0.12517046928405762,-0.6048329472541809,-0.20411163568496704,0.9998705983161926,353.25735569000244,211.46926403045654,-0.10056625306606293,-0.6184532046318054,-0.2140635848045349,0.9990854263305664,357.9434537887573,204.70500469207764,-0.10012482106685638,-0.6195681691169739,-0.209101602435112,0.9990084767341614,360.24401664733887,204.36017990112305,-0.1011853739619255,-0.621795117855072,-0.21096786856651306,0.9991108179092407,362.50213623046875,204.0442943572998,-0.10757295787334442,-0.6302171349525452,-0.21292191743850708,0.9993211627006531,355.9732747077942,204.7688913345337,-0.10563168674707413,-0.6302878856658936,-0.2210397869348526,0.9994352459907532,356.7805552482605,204.50247287750244,-0.10180535912513733,-0.6182004809379578,-0.2029118686914444,0.9994820356369019,357.5284194946289,204.1759443283081,0.009268058463931084,-0.5904258489608765,-0.19579468667507172,0.9994333982467651,375.070538520813,205.42086124420166,-0.055857107043266296,-0.5586262941360474,-0.10417621582746506,0.9993619322776794,367.6804304122925,205.95422744750977,-0.06383112072944641,-0.5867816805839539,-0.18927334249019623,0.9996938705444336,359.6513342857361,218.43556880950928,-0.08049086481332779,-0.5548773407936096,-0.19072693586349487,0.9995795488357544,357.365083694458,218.55032444000244,0.18432967364788055,-0.4680185616016388,-0.06674856692552567,0.9998430013656616,415.53181171417236,238.16411018371582,-0.1159544587135315,-0.5283218622207642,0.02239990420639515,0.9997104406356812,348.7745690345764,244.20976638793945,0.43990376591682434,-0.514764130115509,-0.09615166485309601,0.9979123473167419,472.3098850250244,240.3248119354248,-0.37102845311164856,-0.48142653703689575,-0.012196012772619724,0.9886508584022522,291.67673349380493,235.0667381286621,0.6618074178695679,-0.5075606107711792,-0.08354084193706512,0.9971738457679749,525.0639581680298,233.24395179748535,-0.6157405376434326,-0.5405494570732117,-0.12196122109889984,0.980575680732727,238.08018922805786,229.2272186279297,0.715285062789917,-0.5270103812217712,-0.07132472097873688,0.992881715297699,539.9689292907715,233.348650932312,-0.6470335125923157,-0.5683832168579102,-0.155772402882576,0.9576517343521118,222.24923372268677,227.59061336517334,0.7067639827728271,-0.5306054949760437,-0.11216280609369278,0.9936948418617249,542.3944187164307,231.8019962310791,-0.6248558759689331,-0.6120187640190125,-0.18875420093536377,0.9604995846748352,220.8239722251892,226.77439212799072,0.6747292876243591,-0.4896185100078583,-0.1041092500090599,0.9924957752227783,536.7499351501465,232.7413845062256,-0.618913471698761,-0.552761435508728,-0.14305537939071655,0.967717707157135,225.9979748725891,228.3009910583496,0.10016555339097977,0.012633106671273708,0.014052510261535645,0.999884843826294,399.1450595855713,349.60604667663574,-0.0982372835278511,-0.017686089500784874,-0.011540384963154793,0.9998859167098999,359.44634914398193,346.24159812927246,0.3785589933395386,0.2838277518749237,-0.05018193647265434,0.9753308296203613,462.79679775238037,403.7355709075928,-0.4048970341682434,-0.009183158166706562,-0.1562211513519287,0.9928986430168152,279.2751216888428,361.92017555236816,0.6814460158348083,0.49744680523872375,0.054768577218055725,0.9683349132537842,528.8247156143188,449.1935348510742,-0.448650062084198,0.3980792760848999,-0.015500593930482864,0.9407174587249756,273.70960235595703,446.20665550231934,0.6898411512374878,0.514188289642334,0.06639114022254944,0.8283098936080933,532.8737354278564,457.76453018188477,-0.4532758593559265,0.43191400170326233,-0.03984052687883377,0.8812164068222046,281.4932656288147,459.3233585357666,0.7081888318061829,0.4769093692302704,0.0064542582258582115,0.9430610537528992,538.6342191696167,460.67419052124023,-0.5211912989616394,0.4407966136932373,-0.07315604388713837,0.9076474905014038,240.24561166763306,459.8561954498291
23,0.09583333333333334,-0.12504887580871582,-0.6057155728340149,-0.20378002524375916,0.9998695254325867,353.560209274292,210.83664894104004,-0.10040903091430664,-0.6192156672477722,-0.2137065827846527,0.9990784525871277,358.3204436302185,204.09898281097412,-0.09996528178453445,-0.6203388571739197,-0.20874594151973724,0.9990003108978271,360.5781126022339,203.8149118423462,-0.1010231003165245,-0.6225688457489014,-0.21062128245830536,0.9991042017936707,362.75851249694824,203.5644006729126,-0.10738395154476166,-0.631062388420105,-0.21258661150932312,0.9993172287940979,356.3559293746948,204.17826175689697,-0.10545212030410767,-0.631131112575531,-0.22070057690143585,0.9994316697120667,357.171835899353,203.95222663879395,-0.10163401067256927,-0.6190586090087891,-0.20256909728050232,0.9994795918464661,357.9209232330322,203.67350578308105,0.009410977363586426,-0.5906448364257812,-0.19553141295909882,0.9994276165962219,375.2489376068115,205.15641689300537,-0.05565819516777992,-0.559089720249176,-0.10396558046340942,0.9993579387664795,368.00066471099854,205.62200546264648,-0.06372871994972229,-0.5874558687210083,-0.18899984657764435,0.9996923804283142,359.89723920822144,217.85325050354004,-0.08037165552377701,-0.5556280612945557,-0.19048257172107697,0.9995787143707275,357.6121258735657,217.9621982574463,0.18435119092464447,-0.4680446684360504,-0.06670872122049332,0.9998424053192139,415.72171211242676,237.84606456756592,-0.11585403978824615,-0.5284644365310669,0.022546380758285522,0.9997112154960632,348.99680614471436,244.00320053100586,0.4398777186870575,-0.5147871375083923,-0.0960872620344162,0.9978909492492676,472.60612964630127,240.1226806640625,-0.3710254728794098,-0.4815009534358978,-0.012124167755246162,0.9886323809623718,291.8441677093506,234.79441165924072,0.6617889404296875,-0.5075779557228088,-0.08339560031890869,0.9971519112586975,525.5579996109009,232.87274837493896,-0.615792453289032,-0.5405519008636475,-0.12197796255350113,0.9806362390518188,237.85237312316895,228.8933801651001,0.7152563333511353,-0.5270323157310486,-0.0711451843380928,0.9928250908851624,540.5627918243408,233.18688869476318,-0.6471103429794312,-0.5683853030204773,-0.15579186379909515,0.9577320218086243,222.04671621322632,227.19706535339355,0.7067422270774841,-0.5306444764137268,-0.11197251826524734,0.9936400651931763,542.9864358901978,231.54554843902588,-0.625019371509552,-0.6120173931121826,-0.188785582780838,0.9605722427368164,220.57708024978638,226.52820110321045,0.6746946573257446,-0.4896400570869446,-0.10397236049175262,0.9924272298812866,537.3205375671387,232.44844436645508,-0.6189968585968018,-0.5527633428573608,-0.14308610558509827,0.9677322506904602,225.74646949768066,228.0681324005127,0.10016614943742752,0.0126257399097085,0.01406778022646904,0.9998849630355835,399.57249641418457,349.44637298583984,-0.09823644906282425,-0.017670301720499992,-0.011553386226296425,0.999886155128479,359.87683296203613,346.01537704467773,0.3786168396472931,0.2838464379310608,-0.04967821389436722,0.9751162528991699,463.46739292144775,403.59832763671875,-0.4046737253665924,-0.009202655404806137,-0.15652616322040558,0.992866039276123,279.6923017501831,361.68517112731934,0.6814712882041931,0.4974810779094696,0.054838694632053375,0.9683082103729248,529.3499135971069,449.176025390625,-0.4482851028442383,0.39806103706359863,-0.01559700258076191,0.9400142431259155,274.13866996765137,445.9735107421875,0.689868688583374,0.514241099357605,0.06643763929605484,0.8283019065856934,533.2324647903442,457.70922660827637,-0.452901154756546,0.431891530752182,-0.03992665186524391,0.8802513480186462,282.0084857940674,458.99840354919434,0.7086353302001953,0.476727157831192,0.00648160558193922,0.9429600834846497,540.0557041168213,460.5288505554199,-0.5208253860473633,0.44069620966911316,-0.0732039362192154,0.906637966632843,240.5972385406494,459.5735263824463
24,0.1,-0.12504364550113678,-0.6057829856872559,-0.2039482146501541,0.9998687505722046,353.8617753982544,210.08398532867432,-0.10035224258899689,-0.6193106770515442,-0.21390719711780548,0.9990748763084412,358.655526638031,203.3825969696045,-0.0999080017209053,-0.6204301714897156,-0.2089458405971527,0.9989932179450989,360.8544874191284,203.13817977905273,-0.10096780210733414,-0.6226625442504883,-0.21081717312335968,0.9990994930267334,363.0293083190918,202.93016910552979,-0.10730592906475067,-0.6311730742454529,-0.2127387821674347,0.9993162751197815,356.6921281814575,203.44581127166748,-0.10537950694561005,-0.6312462091445923,-0.2208608090877533,0.9994299411773682,357.5034427642822,203.2448387145996,-0.10155588388442993,-0.6191706657409668,-0.202724888920784,0.9994802474975586,358.22710275650024,203.00232410430908,0.009537341073155403,-0.5906646847724915,-0.19583623111248016,0.9994194507598877,375.6540584564209,204.77960586547852,-0.05546211823821068,-0.5591320991516113,-0.10408550500869751,0.999356210231781,368.43655586242676,205.18976211547852,-0.06372036039829254,-0.5875102877616882,-0.18919333815574646,0.9996901154518127,360.15822887420654,217.19670295715332,-0.08033254742622375,-0.5556976795196533,-0.1906300187110901,0.9995772242546082,357.9675507545471,217.33547687530518,0.18442930281162262,-0.4680107533931732,-0.06689515709877014,0.9998409152030945,416.05722427368164,237.43110179901123,-0.11566401273012161,-0.5284622311592102,0.022477740421891212,0.9997134804725647,349.4956111907959,243.53236198425293,0.43997740745544434,-0.514745831489563,-0.09637235105037689,0.9978463649749756,473.0061864852905,239.6159791946411,-0.37051713466644287,-0.4814365804195404,-0.011948435567319393,0.9885767698287964,292.5336027145386,234.1014575958252,0.6617816686630249,-0.5075092911720276,-0.08379731327295303,0.9971033930778503,526.1908721923828,232.37591743469238,-0.614963173866272,-0.5402787327766418,-0.12170708179473877,0.9808468818664551,238.5826849937439,228.34088802337646,0.7152185440063477,-0.526984691619873,-0.07159669697284698,0.9927020072937012,541.1568689346313,232.7869462966919,-0.6461724042892456,-0.5681188702583313,-0.1555594801902771,0.9580836892127991,222.94999837875366,226.71193599700928,0.7066935896873474,-0.5306144952774048,-0.1124047338962555,0.9935259222984314,543.6344146728516,231.0410499572754,-0.62408047914505,-0.6116684675216675,-0.18858204782009125,0.9609026908874512,221.3893175125122,226.0502529144287,0.6746649146080017,-0.48958149552345276,-0.10437753051519394,0.9922738075256348,537.9560708999634,231.91200256347656,-0.6181379556655884,-0.5524811148643494,-0.14283832907676697,0.9678910970687866,226.54632568359375,227.47312545776367,0.10016773641109467,0.012619458138942719,0.014076344668865204,0.9998847246170044,399.9421262741089,349.0330982208252,-0.09823624044656754,-0.017655501142144203,-0.0115608936175704,0.9998862743377686,360.4166650772095,345.42752265930176,0.3790125250816345,0.28372806310653687,-0.04942546412348747,0.9742782711982727,464.2507266998291,403.196382522583,-0.4046579897403717,-0.00905911810696125,-0.15659627318382263,0.992658793926239,280.09549140930176,361.36645317077637,0.6816896200180054,0.4973769187927246,0.0550016425549984,0.9676343202590942,529.9946737289429,448.7655258178711,-0.4481296241283417,0.39809632301330566,-0.015467102639377117,0.9382191300392151,274.49905157089233,445.65845489501953,0.6900774240493774,0.5141419172286987,0.06658218801021576,0.8255727887153625,533.9401817321777,457.4370288848877,-0.4527644217014313,0.4319189488887787,-0.03984709829092026,0.877727746963501,282.42324113845825,458.7209129333496,0.7090982794761658,0.4760347902774811,0.006597970612347126,0.9419240951538086,540.8355617523193,460.0723457336426,-0.5209149122238159,0.4406868815422058,-0.0730748102068901,0.9044087529182434,240.925133228302,459.244966506958
25,0.10416666666666667,-0.12500613927841187,-0.605681836605072,-0.20413927733898163,0.9998663663864136,353.9365553855896,209.58312034606934,-0.10019350796937943,-0.6192682385444641,-0.21409760415554047,0.9990553259849548,358.68191957473755,202.8150987625122,-0.09975586831569672,-0.6203818917274475,-0.2091338038444519,0.9989717602729797,360.8946990966797,202.58896350860596,-0.10081584751605988,-0.6226179003715515,-0.21100252866744995,0.9990776777267456,363.0742835998535,202.41507053375244,-0.10712742060422897,-0.6311352849006653,-0.21292853355407715,0.9993030428886414,356.75716638565063,202.88517951965332,-0.10520249605178833,-0.6312136650085449,-0.22106502950191498,0.999420166015625,357.56088495254517,202.6968812942505,-0.10138213634490967,-0.6191324591636658,-0.20292644202709198,0.9994718432426453,358.3011746406555,202.4672269821167,0.009900989010930061,-0.5907348394393921,-0.19590629637241364,0.9994028806686401,375.55243492126465,204.3440294265747,-0.054946962743997574,-0.5592166185379028,-0.10425734519958496,0.9993467926979065,368.4993839263916,204.64383602142334,-0.0636829063296318,-0.5874654054641724,-0.18937383592128754,0.9996828436851501,360.22865295410156,216.65812969207764,-0.08026082813739777,-0.555659830570221,-0.1908014714717865,0.9995693564414978,358.0336833000183,216.81334018707275,0.18455266952514648,-0.4680429697036743,-0.06710292398929596,0.9998399019241333,416.0217761993408,236.67340278625488,-0.11519123613834381,-0.5285194516181946,0.022395260632038116,0.9997152090072632,349.6353220939636,242.75141716003418,0.4400269389152527,-0.5147777795791626,-0.0967169776558876,0.9978395104408264,472.8903579711914,239.00649547576904,-0.37000879645347595,-0.48145365715026855,-0.01206384226679802,0.9884920716285706,292.45084047317505,233.2483720779419,0.6617801189422607,-0.5074761509895325,-0.08414987474679947,0.9970846176147461,526.1604022979736,231.73134326934814,-0.6147243976593018,-0.5402694940567017,-0.12177146971225739,0.9810208678245544,238.5793375968933,227.66555786132812,0.7152143716812134,-0.5268656611442566,-0.07183709740638733,0.99266117811203,541.0825824737549,232.2681427001953,-0.6460049748420715,-0.5680850148200989,-0.15560336410999298,0.9584406018257141,222.84996271133423,226.03059768676758,0.7066947817802429,-0.5304989218711853,-0.1126103475689888,0.9934875965118408,543.5833883285522,230.39990901947021,-0.6239672303199768,-0.6115579605102539,-0.18861596286296844,0.9612683653831482,221.37951135635376,225.40237426757812,0.6746564507484436,-0.4895358383655548,-0.10464690625667572,0.9922224283218384,537.9806613922119,231.25784397125244,-0.6179347634315491,-0.5524556636810303,-0.14290086925029755,0.9682046175003052,226.5703797340393,226.81923866271973,0.1001676693558693,0.012619300745427608,0.014073553495109081,0.9998838901519775,399.88736629486084,348.6398220062256,-0.0982341319322586,-0.01765381172299385,-0.01155740488320589,0.9998858571052551,360.41833877563477,344.8927116394043,0.37913087010383606,0.28373146057128906,-0.049421120434999466,0.9737257361412048,464.4279670715332,402.66955375671387,-0.4045311510562897,-0.008997178636491299,-0.1564425379037857,0.9924554824829102,280.014123916626,360.79602241516113,0.6818415522575378,0.49740293622016907,0.05501410737633705,0.9671013355255127,530.1777505874634,448.19289207458496,-0.4478543996810913,0.3980945348739624,-0.015379531309008598,0.9366410374641418,274.57943201065063,444.6884250640869,0.6902418732643127,0.5141814351081848,0.06659334897994995,0.823054850101471,534.2325639724731,457.01162338256836,-0.45244836807250977,0.43190792202949524,-0.039675358682870865,0.8754667043685913,282.60977268218994,457.86274909973145,0.7091661095619202,0.4760702848434448,0.006605722010135651,0.9410495758056641,540.8679628372192,459.598445892334,-0.5203174948692322,0.44063279032707214,-0.07288937270641327,0.9023709297180176,241.47998571395874,458.54055404663086
26,0.10833333333333334,-0.12468811869621277,-0.6057682633399963,-0.20431676506996155,0.9998680353164673,354.0251111984253,208.7363862991333,-0.09985838830471039,-0.6193561553955078,-0.21429210901260376,0.9990680813789368,358.730092048645,201.92496299743652,-0.09941812604665756,-0.6204621195793152,-0.20932598412036896,0.9989848136901855,360.94679832458496,201.70653820037842,-0.10048440098762512,-0.6227010488510132,-0.21119104325771332,0.9990886449813843,363.12522411346436,201.5577220916748,-0.10676003992557526,-0.6312475204467773,-0.21310719847679138,0.9993136525154114,356.8015193939209,202.0157289505005,-0.10484030097723007,-0.6313242316246033,-0.22125667333602905,0.9994291663169861,357.6098942756653,201.85163497924805,-0.10102342814207077,-0.6192530393600464,-0.2031148374080658,0.9994807243347168,358.35044145584106,201.64918899536133,0.01021610014140606,-0.5907568335533142,-0.19615377485752106,0.9994073510169983,375.5443239212036,203.55590343475342,-0.05459287762641907,-0.5593159198760986,-0.10441914945840836,0.9993568062782288,368.49989891052246,203.82299423217773,-0.06339244544506073,-0.5875507593154907,-0.18954962491989136,0.9996865391731262,360.3558540344238,215.79766273498535,-0.0799555554986,-0.555770218372345,-0.1909664124250412,0.9995759129524231,358.1528377532959,215.96440315246582,0.1847994178533554,-0.46804195642471313,-0.06724406778812408,0.9998408555984497,416.0732316970825,235.6502866744995,-0.11486457288265228,-0.5285948514938354,0.022373409941792488,0.9997202754020691,349.5835018157959,241.8394947052002,0.4400918781757355,-0.5147539973258972,-0.09682940691709518,0.9978739023208618,472.72350311279297,238.30840587615967,-0.3696916997432709,-0.4814603924751282,-0.012104020453989506,0.988764226436615,292.3362994194031,232.20492839813232,0.6617868542671204,-0.5072207450866699,-0.08417875319719315,0.9971441626548767,525.9780120849609,230.8547830581665,-0.6145137548446655,-0.5401604771614075,-0.12191502004861832,0.9816067814826965,238.4360432624817,226.73388004302979,0.7152184844017029,-0.5265251994132996,-0.07172805070877075,0.99278324842453,540.8645725250244,231.55470371246338,-0.645836591720581,-0.5679270625114441,-0.15588094294071198,0.9595162272453308,222.6633882522583,225.09457111358643,0.7067097425460815,-0.5301945209503174,-0.1125972792506218,0.9935960173606873,543.3661937713623,229.60317134857178,-0.6238150000572205,-0.6113083958625793,-0.1889021247625351,0.9622742533683777,221.1506223678589,224.5605754852295,0.6746580600738525,-0.48925328254699707,-0.10468696057796478,0.992347240447998,537.8004598617554,230.4263162612915,-0.6177157163619995,-0.552319347858429,-0.14304585754871368,0.9689472317695618,226.33930206298828,225.96991539001465,0.10017310827970505,0.012613297440111637,0.01412881352007389,0.9998841285705566,399.93491649627686,347.852725982666,-0.09823582321405411,-0.01764000952243805,-0.011609037406742573,0.9998863339424133,360.3133249282837,344.07148361206055,0.3791838586330414,0.2837475836277008,-0.048668306320905685,0.9740033745765686,464.2668628692627,401.8067264556885,-0.40433743596076965,-0.00847941730171442,-0.15751397609710693,0.9926336407661438,279.9682688713074,360.1778984069824,0.681846022605896,0.4975440204143524,0.05567720904946327,0.967599630355835,529.716796875,447.22867012023926,-0.44759896397590637,0.39878392219543457,-0.015984410420060158,0.9374532699584961,274.52954292297363,444.00967597961426,0.6902450919151306,0.5143242478370667,0.0672551766037941,0.8245729207992554,534.0843343734741,456.35870933532715,-0.45219114422798157,0.432596892118454,-0.040196724236011505,0.8763331174850464,282.59252071380615,457.21816062927246,0.709357738494873,0.4761924743652344,0.007237072102725506,0.9417427182197571,540.9964513778687,458.7823677062988,-0.5201035141944885,0.4408986270427704,-0.07363170385360718,0.903396725654602,241.16522312164307,457.89788246154785
27,0.1125,-0.12425587326288223,-0.6059594750404358,-0.20434311032295227,0.999872624874115,354.1288161277771,207.6992654800415,-0.0994943231344223,-0.6195436716079712,-0.21429620683193207,0.9991024732589722,358.84860277175903,200.93812465667725,-0.09904492646455765,-0.6206468939781189,-0.20933446288108826,0.9990217089653015,361.05979442596436,200.72364807128906,-0.10011367499828339,-0.6228856444358826,-0.21119487285614014,0.9991216659545898,363.2445287704468,200.58171272277832,-0.10640048235654831,-0.6314247250556946,-0.21313528716564178,0.9993393421173096,356.908164024353,201.0345697402954,-0.10448944568634033,-0.631498396396637,-0.22128541767597198,0.9994500875473022,357.7315592765808,200.9008026123047,-0.10067559033632278,-0.6194318532943726,-0.2031393200159073,0.9994997978210449,358.4751534461975,200.7291555404663,0.010511401109397411,-0.5908568501472473,-0.19605296850204468,0.9994259476661682,375.73259353637695,202.52554893493652,-0.05443985015153885,-0.5594112277030945,-0.10444968193769455,0.9993775486946106,368.5399389266968,202.853364944458,-0.06295627355575562,-0.5877352952957153,-0.1895325928926468,0.9996964335441589,360.50309658050537,214.76028442382812,-0.07958801835775375,-0.5559386014938354,-0.1909889578819275,0.9995896220207214,358.2772922515869,214.9299144744873,0.1851259171962738,-0.4680933356285095,-0.06710375100374222,0.9998443722724915,416.17112159729004,234.64776992797852,-0.11462743580341339,-0.528668999671936,0.022331703454256058,0.9997270703315735,349.48580503463745,240.93040466308594,0.44039955735206604,-0.5147719383239746,-0.09672861546278,0.9979064464569092,472.89130210876465,237.29308605194092,-0.36936208605766296,-0.4815804660320282,-0.01212858036160469,0.9889812469482422,292.3391318321228,231.19975090026855,0.6618521213531494,-0.507163405418396,-0.08415316790342331,0.9972076416015625,526.0878753662109,229.71277713775635,-0.614120364189148,-0.5401594638824463,-0.12191353738307953,0.9821237921714783,238.5482668876648,225.63756465911865,0.7152583003044128,-0.5264315009117126,-0.0716453418135643,0.9929226636886597,541.0819816589355,230.57222843170166,-0.6454367637634277,-0.5679128170013428,-0.15589800477027893,0.9605139493942261,222.78262853622437,224.01875495910645,0.7067444324493408,-0.5301042199134827,-0.1125732883810997,0.9937200546264648,543.5933017730713,228.6113691329956,-0.6233546733856201,-0.6112518906593323,-0.18891726434230804,0.9631981253623962,221.25464916229248,223.5536527633667,0.6746881604194641,-0.4891813397407532,-0.10466546565294266,0.9924879670143127,538.0122470855713,229.37889575958252,-0.6172863841056824,-0.5523138046264648,-0.14304642379283905,0.9696184396743774,226.43131256103516,224.92246627807617,0.10018006712198257,0.01259605772793293,0.014169453643262386,0.9998855590820312,399.9943971633911,346.9192886352539,-0.09823790192604065,-0.017610343173146248,-0.011647246778011322,0.9998877048492432,360.31508445739746,343.0260372161865,0.3792684078216553,0.2837316691875458,-0.04827726259827614,0.9744364619255066,464.09520149230957,400.739049911499,-0.40399447083473206,-0.007883021607995033,-0.1582004427909851,0.9928188323974609,279.98167991638184,359.3396186828613,0.6818273067474365,0.49758121371269226,0.055828094482421875,0.9683171510696411,529.4161319732666,446.0603141784668,-0.447098970413208,0.3991966247558594,-0.016367163509130478,0.9386378526687622,274.42249059677124,443.1219005584717,0.6902245879173279,0.5143548250198364,0.06739212572574615,0.8275951147079468,534.0880680084229,455.53542137145996,-0.45167699456214905,0.4329729974269867,-0.04052497446537018,0.8780449032783508,282.4729585647583,456.26721382141113,0.709557294845581,0.4761858582496643,0.007382526062428951,0.9429956078529358,541.0032320022583,457.70670890808105,-0.5196501016616821,0.4409562349319458,-0.07410898804664612,0.9051610827445984,241.08821153640747,456.9576072692871
28,0.11666666666666667,-0.12410463392734528,-0.6064062714576721,-0.20361952483654022,0.9998745918273926,354.14456605911255,206.42901420593262,-0.09929681569337845,-0.619964599609375,-0.21361280977725983,0.9991180896759033,358.8465642929077,199.68568325042725,-0.09884213656187057,-0.6210743188858032,-0.20866340398788452,0.9990372061729431,361.05172634124756,199.49323654174805,-0.09991339594125748,-0.6233111619949341,-0.21052755415439606,0.9991373419761658,363.21736335754395,199.38262939453125,-0.10614803433418274,-0.6318888068199158,-0.21242740750312805,0.9993516802787781,356.9368314743042,199.80053901672363,-0.10424771159887314,-0.631965160369873,-0.22055618464946747,0.9994596242904663,357.76724338531494,199.69762802124023,-0.10043472051620483,-0.6199026107788086,-0.2024119347333908,0.9995095133781433,358.51266145706177,199.56623554229736,0.010675887577235699,-0.5910367965698242,-0.19566458463668823,0.9994333386421204,375.67598819732666,201.41939163208008,-0.05411545932292938,-0.5597290396690369,-0.10397138446569443,0.9993864893913269,368.5298538208008,201.73584938049316,-0.06283670663833618,-0.5880939364433289,-0.18894672393798828,0.9997018575668335,360.4897928237915,213.51096153259277,-0.0794353261590004,-0.5563287138938904,-0.19037503004074097,0.9995977878570557,358.297483921051,213.67534160614014,0.1851961463689804,-0.46813905239105225,-0.06704016774892807,0.9998471140861511,416.16429805755615,233.5138463973999,-0.1145092248916626,-0.5287848114967346,0.022589167580008507,0.9997329115867615,349.44522857666016,239.82035636901855,0.4404473602771759,-0.5148290991783142,-0.09667634218931198,0.997911810874939,472.7880048751831,236.15415573120117,-0.36930108070373535,-0.4816950559616089,-0.011878461576998234,0.9890202879905701,292.1645522117615,230.00239849090576,0.661854088306427,-0.5071618556976318,-0.08400499820709229,0.9972201585769653,526.069164276123,228.50084781646729,-0.6140350699424744,-0.5401591062545776,-0.1217702180147171,0.9822998046875,238.47801446914673,224.4959592819214,0.715258777141571,-0.5264198780059814,-0.07143166661262512,0.9929360151290894,541.000657081604,229.4350290298462,-0.645344078540802,-0.5679031610488892,-0.1557675153017044,0.9608153104782104,222.72928476333618,222.84420490264893,0.7067466974258423,-0.5300896167755127,-0.11235258728265762,0.9937266111373901,543.5348510742188,227.4112844467163,-0.6232556104660034,-0.6111958026885986,-0.18880805373191833,0.9634700417518616,221.16517066955566,222.5029993057251,0.6746869087219238,-0.48917683959007263,-0.10449953377246857,0.9924866557121277,538.0143928527832,228.1549072265625,-0.6171928644180298,-0.5523089170455933,-0.14291109144687653,0.9697760343551636,226.34262800216675,223.88480186462402,0.10018152743577957,0.012582412920892239,0.014178703539073467,0.9998878836631775,400.0867509841919,345.8687496185303,-0.09823756664991379,-0.01758391596376896,-0.011654349975287914,0.9998900890350342,360.41374683380127,341.94522857666016,0.37946566939353943,0.28373366594314575,-0.0481325164437294,0.9745383858680725,464.08151149749756,399.59638595581055,-0.40370431542396545,-0.007791223470121622,-0.15864981710910797,0.9928733110427856,280.0144028663635,358.32690238952637,0.681829035282135,0.49759042263031006,0.056207325309515,0.9684719443321228,529.170184135437,444.6739196777344,-0.4468923807144165,0.3992241322994232,-0.01651402749121189,0.9390892386436462,274.4376611709595,442.04163551330566,0.6902269124984741,0.5143709778785706,0.0678110271692276,0.8283159136772156,534.0760087966919,454.40382957458496,-0.4514937400817871,0.432992547750473,-0.040641628205776215,0.8787517547607422,282.50516653060913,455.21209716796875,0.7097522616386414,0.475838303565979,0.007878569886088371,0.9433081150054932,540.8388662338257,456.55900955200195,-0.519600510597229,0.4408867061138153,-0.0742841511964798,0.9059094190597534,241.25038862228394,455.81926345825195
29,0.12083333333333333,-0.12391210347414017,-0.6061189770698547,-0.2052641361951828,0.9998769164085388,353.9060640335083,205.3796625137329,-0.0990893542766571,-0.6196929216384888,-0.21542476117610931,0.9991327524185181,358.52944135665894,198.47529888153076,-0.09864665567874908,-0.6207910180091858,-0.21046851575374603,0.9990527629852295,360.7921314239502,198.24535846710205,-0.09972125291824341,-0.6230326890945435,-0.2123100310564041,0.9991490840911865,362.993688583374,198.10166358947754,-0.10599110275506973,-0.6315866112709045,-0.21412016451358795,0.9993631839752197,356.56177282333374,198.6302375793457,-0.10408394038677216,-0.6316501498222351,-0.22225312888622284,0.9994694590568542,357.3354721069336,198.50731372833252,-0.10027367621660233,-0.6195895671844482,-0.20406045019626617,0.9995183348655701,358.0496907234192,198.34745407104492,0.011055726557970047,-0.590942919254303,-0.19713276624679565,0.9994370341300964,375.53642749786377,199.9247646331787,-0.053969357162714005,-0.55955970287323,-0.10520008206367493,0.9993965029716492,368.2476854324341,200.21002292633057,-0.06259670853614807,-0.5878719687461853,-0.1903834044933319,0.9997038841247559,360.28311252593994,212.37002849578857,-0.0792195126414299,-0.5560586452484131,-0.19177332520484924,0.9996016621589661,357.9520797729492,212.54599571228027,0.18572624027729034,-0.46810922026634216,-0.06751174479722977,0.9998476505279541,415.9453010559082,231.81824684143066,-0.11417526006698608,-0.5287659168243408,0.021218398585915565,0.999735951423645,349.2323040962219,238.00702571868896,0.4406605064868927,-0.5147609114646912,-0.09702137857675552,0.997931718826294,472.74491786956787,234.50716495513916,-0.36857810616493225,-0.48162421584129333,-0.013161350972950459,0.9891926646232605,292.0919179916382,228.36542129516602,0.66193687915802,-0.5066602826118469,-0.08419622480869293,0.9972447156906128,525.9088325500488,226.8973445892334,-0.6132233738899231,-0.5393893122673035,-0.12280105799436569,0.9824832081794739,238.50155353546143,223.0660057067871,0.7153168320655823,-0.5257249474525452,-0.07154938578605652,0.9929734468460083,540.7843208312988,227.8994607925415,-0.6445379853248596,-0.566737711429596,-0.15691053867340088,0.9609794616699219,222.74436950683594,221.53502941131592,0.7068604826927185,-0.529387354850769,-0.11247815191745758,0.9937647581100464,543.3038806915283,225.8676052093506,-0.622382402420044,-0.6098008751869202,-0.18988201022148132,0.9636452198028564,221.15785360336304,221.09201431274414,0.6747577786445618,-0.4886089265346527,-0.10465995967388153,0.9925267696380615,537.7850961685181,226.6136598587036,-0.6163177490234375,-0.5513722896575928,-0.14392352104187012,0.9698752164840698,226.32679224014282,222.41406440734863,0.10020582377910614,0.01258307509124279,0.014240861870348454,0.9998869299888611,399.7735548019409,344.3619632720947,-0.09825561195611954,-0.017582666128873825,-0.011716656386852264,0.9998891353607178,360.1377582550049,340.19185066223145,0.37989675998687744,0.28377261757850647,-0.048054251819849014,0.9745264053344727,463.96770000457764,398.19239616394043,-0.40372520685195923,-0.007452353369444609,-0.15855035185813904,0.9928566217422485,279.7268271446228,356.9180202484131,0.682388961315155,0.4978528916835785,0.05617838352918625,0.9688058495521545,529.311933517456,443.2956790924072,-0.44692739844322205,0.39943328499794006,-0.016453903168439865,0.938767671585083,273.9672017097473,439.95677947998047,0.6907651424407959,0.5146176218986511,0.06775352358818054,0.8282114267349243,534.1258335113525,453.18949699401855,-0.4515295922756195,0.43318095803260803,-0.04060167819261551,0.8773236274719238,282.12538719177246,453.5109615325928,0.7099555730819702,0.4759335219860077,0.00754953920841217,0.9439519643783569,540.7570266723633,455.1573085784912,-0.5194439888000488,0.4408891499042511,-0.07415991276502609,0.9057854413986206,241.02405309677124,454.45117950439453
30,0.125,-0.12361325323581696,-0.6060000061988831,-0.20534482598304749,0.9998823404312134,353.65938663482666,204.05988693237305,-0.09894993156194687,-0.6196262240409851,-0.21549254655838013,0.9991714954376221,358.15358877182007,197.24156856536865,-0.09850115329027176,-0.6207175850868225,-0.210529163479805,0.9990946650505066,360.4491090774536,196.97191715240479,-0.09957756847143173,-0.6229637861251831,-0.21238507330417633,0.999186635017395,362.71456718444824,196.76672458648682,-0.10588005930185318,-0.6315345168113708,-0.21427910029888153,0.9993916749954224,356.1922287940979,197.44713306427002,-0.10397004336118698,-0.6316084265708923,-0.222392737865448,0.999492347240448,356.9562077522278,197.33964443206787,-0.10017040371894836,-0.6195401549339294,-0.2041863203048706,0.9995386600494385,357.66849517822266,197.19111442565918,0.01109329890459776,-0.590938150882721,-0.19732998311519623,0.9994592070579529,375.3794002532959,198.48953247070312,-0.05397631973028183,-0.559471845626831,-0.10542163997888565,0.9994191527366638,367.89251804351807,198.8763427734375,-0.06227641552686691,-0.5878078937530518,-0.19044150412082672,0.9997146129608154,360.061240196228,211.02949619293213,-0.07896964251995087,-0.5560098886489868,-0.19186966121196747,0.9996156692504883,357.76052713394165,211.2529420852661,0.18585562705993652,-0.4681452810764313,-0.06766370683908463,0.9998517036437988,415.82149028778076,230.1037359237671,-0.11396926641464233,-0.52876877784729,0.020881449803709984,0.999741792678833,349.01798486709595,235.99282264709473,0.440664678812027,-0.5148438215255737,-0.09724108874797821,0.9979504942893982,472.57471561431885,232.58063793182373,-0.3683834373950958,-0.48210203647613525,-0.013514243997633457,0.9893349409103394,291.7456340789795,226.6340446472168,0.661916971206665,-0.5066158175468445,-0.08449562638998032,0.997289776802063,525.7501316070557,224.9476146697998,-0.6127960085868835,-0.5394039750099182,-0.12288469076156616,0.9825769662857056,238.15593481063843,221.15414142608643,0.7152617573738098,-0.5255810022354126,-0.07184179127216339,0.9930750727653503,540.5842924118042,225.9458827972412,-0.6440959572792053,-0.566705048084259,-0.15706689655780792,0.9610188603401184,222.30558156967163,219.5806074142456,0.7068089246749878,-0.5291967988014221,-0.1128220185637474,0.9938591718673706,543.1085729598999,224.00826930999756,-0.6217116713523865,-0.609622061252594,-0.1899905502796173,0.9636726379394531,220.77850341796875,218.9943265914917,0.6747071146965027,-0.4885252118110657,-0.1049760952591896,0.9926347136497498,537.5828790664673,224.70585823059082,-0.6157983541488647,-0.5513736605644226,-0.14399081468582153,0.9698740839958191,225.9643292427063,220.40558338165283,0.10020457208156586,0.012561589479446411,0.014271123334765434,0.9998873472213745,399.5767021179199,342.6189136505127,-0.09824959188699722,-0.017545020207762718,-0.011744074523448944,0.999889612197876,360.02484798431396,338.46765518188477,0.37989822030067444,0.28370437026023865,-0.04792216792702675,0.9746090769767761,463.7258720397949,396.27782821655273,-0.40323343873023987,-0.007402274291962385,-0.1587744802236557,0.9929008483886719,279.54988718032837,355.01967430114746,0.6823912262916565,0.49783748388290405,0.05600122734904289,0.9690606594085693,529.2168760299683,441.4786720275879,-0.44651153683662415,0.39952942728996277,-0.016700271517038345,0.9390811324119568,273.73172521591187,438.16646575927734,0.6907699704170227,0.5146041512489319,0.06751050800085068,0.829183042049408,533.9069223403931,451.2913227081299,-0.4511326253414154,0.4332783818244934,-0.040822822600603104,0.8779169321060181,281.8442916870117,451.74556732177734,0.7100690007209778,0.4752936363220215,0.007425468880683184,0.944503903388977,540.6521415710449,452.95040130615234,-0.5193014740943909,0.44087421894073486,-0.07422231137752533,0.9063975214958191,240.65581798553467,452.53689765930176
31,0.12916666666666668,-0.12353597581386566,-0.6059696674346924,-0.2054690420627594,0.9998786449432373,353.28975677490234,202.97564506530762,-0.09888225793838501,-0.619625449180603,-0.21562662720680237,0.9991427659988403,357.70514488220215,196.21788024902344,-0.09843650460243225,-0.6207133531570435,-0.2106618583202362,0.9990647435188293,359.99770402908325,195.95938682556152,-0.09951400756835938,-0.6229605674743652,-0.2125149667263031,0.9991586804389954,362.2657585144043,195.75332164764404,-0.1058269590139389,-0.6315212845802307,-0.21439972519874573,0.9993699193000793,355.8144235610962,196.40944004058838,-0.10391462594270706,-0.6315951347351074,-0.22252480685710907,0.9994744062423706,356.578209400177,196.31245136260986,-0.1001170426607132,-0.619523823261261,-0.20431865751743317,0.9995218515396118,357.30457305908203,196.17341995239258,0.011135312728583813,-0.5909721851348877,-0.1975046545267105,0.9994421005249023,374.98762607574463,197.4798345565796,-0.053969889879226685,-0.5594735145568848,-0.10553478449583054,0.9993988275527954,367.55112648010254,197.90515422821045,-0.062205906957387924,-0.5878191590309143,-0.19057013094425201,0.9997052550315857,359.65365171432495,209.98738288879395,-0.0789043977856636,-0.5560080409049988,-0.19198353588581085,0.999602735042572,357.4045658111572,210.21334648132324,0.18587517738342285,-0.4681532084941864,-0.06776835024356842,0.9998486638069153,415.43920040130615,228.99345874786377,-0.11388292163610458,-0.5287858843803406,0.02085723727941513,0.9997361898422241,348.71665477752686,234.76561546325684,0.44066429138183594,-0.5148645639419556,-0.09740245342254639,0.9979515671730042,472.17933654785156,231.42163753509521,-0.3683373034000397,-0.48223936557769775,-0.013567148707807064,0.9893388152122498,291.49535179138184,225.4491662979126,0.661894679069519,-0.5066199898719788,-0.08475202322006226,0.9972721934318542,525.2638149261475,223.76089096069336,-0.6127533912658691,-0.5394129753112793,-0.12293239682912827,0.9824234843254089,237.77802228927612,220.00014781951904,0.7152090668678284,-0.5255856513977051,-0.07213567942380905,0.9930232167243958,540.1016235351562,224.63622093200684,-0.6440732479095459,-0.5667044520378113,-0.15709204971790314,0.960601270198822,221.8924355506897,218.37059497833252,0.7067667245864868,-0.5292043685913086,-0.11311060190200806,0.9938140511512756,542.5971508026123,222.77368068695068,-0.6217379570007324,-0.6096049547195435,-0.19001434743404388,0.9632872343063354,220.3625249862671,217.84462451934814,0.6746637225151062,-0.48852938413619995,-0.10524448752403259,0.9925916194915771,537.09059715271,223.4416151046753,-0.6157752871513367,-0.5513756275177002,-0.14403951168060303,0.969615638256073,225.55225610733032,219.32511806488037,0.10020291805267334,0.012558398768305779,0.014272832311689854,0.9998846054077148,399.2429494857788,341.3775157928467,-0.09824500232934952,-0.017538074404001236,-0.011745228432118893,0.999887228012085,359.72650051116943,337.35474586486816,0.3798953592777252,0.28357189893722534,-0.04793841391801834,0.9744011163711548,463.30620288848877,395.0485610961914,-0.4030551314353943,-0.0074044582433998585,-0.15861842036247253,0.9928396344184875,279.26499366760254,353.7165355682373,0.6824191808700562,0.49784377217292786,0.05584816262125969,0.9686222672462463,528.7035655975342,440.2914333343506,-0.44647735357284546,0.3995804488658905,-0.016790712252259254,0.9387165904045105,273.5166335105896,436.9555377960205,0.6908072233200073,0.5146271586418152,0.0673476830124855,0.827092170715332,533.4391021728516,449.98412132263184,-0.4511222243309021,0.4333415627479553,-0.04094114154577255,0.8772898316383362,281.64376974105835,450.6750297546387,0.7100726366043091,0.47539690136909485,0.007299340795725584,0.9435647130012512,540.4702663421631,451.8379783630371,-0.519321620464325,0.4409295916557312,-0.07429582625627518,0.905520498752594,240.45649766921997,451.32368087768555
32,0.13333333333333333,-0.12352757155895233,-0.6060113906860352,-0.20554549992084503,0.9998689293861389,352.838716506958,201.69708251953125,-0.09882166981697083,-0.6196936368942261,-0.2157192826271057,0.9990736842155457,357.29056119918823,194.8967456817627,-0.0983784943819046,-0.6207777857780457,-0.21075130999088287,0.9989901185035706,359.5676279067993,194.67322826385498,-0.0994572564959526,-0.62302565574646,-0.21260325610637665,0.9990926384925842,361.8122720718384,194.5096492767334,-0.10576494038105011,-0.6315978765487671,-0.2144593745470047,0.9993172883987427,355.4319190979004,195.06235599517822,-0.10385414958000183,-0.6316737532615662,-0.22259311378002167,0.9994309544563293,356.1980867385864,194.9620485305786,-0.10005565732717514,-0.6195989847183228,-0.2043856680393219,0.9994832277297974,356.9324541091919,194.81828212738037,0.011266140267252922,-0.5910423994064331,-0.19766193628311157,0.9994034171104431,374.4334602355957,196.33031845092773,-0.05383128672838211,-0.5595844388008118,-0.10556703805923462,0.9993533492088318,367.15394496917725,196.61757946014404,-0.06219969689846039,-0.5878821611404419,-0.1906677484512329,0.9996857047080994,359.1548681259155,208.75479698181152,-0.07888266444206238,-0.5560856461524963,-0.19205288589000702,0.9995759725570679,356.91176891326904,208.94938945770264,0.1859128326177597,-0.4681786894798279,-0.0678708404302597,0.9998436570167542,414.94975090026855,227.51914501190186,-0.11375105381011963,-0.5288553833961487,0.020844081416726112,0.9997274875640869,348.32372188568115,233.6026954650879,0.4406489133834839,-0.5150127410888672,-0.09756355732679367,0.9979381561279297,471.6190767288208,230.14971256256104,-0.3682110011577606,-0.48234301805496216,-0.013559270650148392,0.9891701340675354,291.1327815055847,224.22600746154785,0.6618581414222717,-0.5067043900489807,-0.08497290313243866,0.9972206354141235,524.7970676422119,222.4574089050293,-0.612698495388031,-0.5394721627235413,-0.12292605638504028,0.9820494651794434,237.33580112457275,218.8426923751831,0.7151468992233276,-0.5256503224372864,-0.07238597422838211,0.9928890466690063,539.6245765686035,223.36488246917725,-0.6440331339836121,-0.5667479634284973,-0.157059445977211,0.9598442912101746,221.45682334899902,217.20062255859375,0.7067255973815918,-0.5292614698410034,-0.11334579437971115,0.9936892986297607,542.1064567565918,221.47072792053223,-0.621794581413269,-0.6096199750900269,-0.18999391794204712,0.9625762104988098,219.9488639831543,216.59038066864014,0.6746111512184143,-0.4885973036289215,-0.10547243803739548,0.992451548576355,536.6137647628784,222.07387447357178,-0.6157587170600891,-0.5514252781867981,-0.14404065907001495,0.9690746665000916,225.1671552658081,218.07961463928223,0.10020231455564499,0.012557760812342167,0.014273114502429962,0.9998840093612671,398.69938373565674,340.3570747375488,-0.0982423946261406,-0.01753564178943634,-0.011744847521185875,0.9998866319656372,359.3095350265503,336.273193359375,0.3799671530723572,0.2835056185722351,-0.04792322590947151,0.974323570728302,462.97257900238037,393.95848274230957,-0.403056263923645,-0.007442130707204342,-0.15848219394683838,0.9927945137023926,278.8511610031128,352.3692798614502,0.682428777217865,0.49777209758758545,0.056012023240327835,0.9683429002761841,528.1603860855103,439.15268898010254,-0.44647490978240967,0.3994799852371216,-0.016710074618458748,0.9384132623672485,273.1876873970032,435.4599094390869,0.6908183693885803,0.5145604014396667,0.0675465315580368,0.8260074257850647,532.9423141479492,448.72950553894043,-0.4511205554008484,0.43323516845703125,-0.04087841138243675,0.876735270023346,281.3268184661865,449.3924331665039,0.7101996541023254,0.4753935635089874,0.007607340347021818,0.9427363872528076,540.0353193283081,450.56591033935547,-0.5193210244178772,0.4408090114593506,-0.07419629395008087,0.9045642614364624,240.22546291351318,449.95179176330566
33,0.1375,-0.12321756780147552,-0.6067663431167603,-0.205075204372406,0.9998714327812195,352.3623561859131,200.03339767456055,-0.09859780222177505,-0.6202941536903381,-0.21522748470306396,0.9990913271903992,356.8306589126587,193.23168754577637,-0.09815574437379837,-0.6213756203651428,-0.21027319133281708,0.9990085363388062,359.08092498779297,193.02414894104004,-0.09923231601715088,-0.6236245036125183,-0.21212869882583618,0.9991100430488586,361.290807723999,192.87972450256348,-0.10548682510852814,-0.6322139501571655,-0.21402554214000702,0.9993314146995544,355.0222706794739,193.4007167816162,-0.10358324646949768,-0.632286548614502,-0.222149059176445,0.9994428157806396,355.8006262779236,193.29209804534912,-0.09978032112121582,-0.6202177405357361,-0.20394736528396606,0.9994948506355286,356.5473961830139,193.14255237579346,0.011401149444282055,-0.5912064909934998,-0.1972821056842804,0.9994140863418579,373.83217334747314,194.82293128967285,-0.05349064990878105,-0.559798538684845,-0.10541970282793045,0.999366044998169,366.7668056488037,195.01692295074463,-0.06187538802623749,-0.5884780883789062,-0.1902584284543991,0.999692976474762,358.6128258705139,207.06449031829834,-0.0784871056675911,-0.5566796064376831,-0.19172608852386475,0.9995861649513245,356.39820098876953,207.2404432296753,0.18618685007095337,-0.4682461619377136,-0.06776183098554611,0.9998469352722168,414.5003843307495,226.02025508880615,-0.11342883855104446,-0.5289366245269775,0.020919837057590485,0.9997348189353943,347.89941787719727,232.3743438720703,0.44071444869041443,-0.5150826573371887,-0.09737030416727066,0.9979469776153564,471.1041784286499,228.83827686309814,-0.36794179677963257,-0.48234879970550537,-0.013531839475035667,0.9893618226051331,290.72362661361694,223.0112600326538,0.6618478894233704,-0.5066915154457092,-0.08452609926462173,0.9972410202026367,524.336371421814,221.2419605255127,-0.6125561594963074,-0.539440929889679,-0.12296634167432785,0.9825472235679626,236.81317806243896,217.62672901153564,0.7151193618774414,-0.5256332755088806,-0.07172234356403351,0.9929236769676208,539.1303205490112,222.10633277893066,-0.643916130065918,-0.5667150020599365,-0.1570926457643509,0.9608819484710693,220.942804813385,215.97381591796875,0.7067044973373413,-0.5292357802391052,-0.11279633641242981,0.9937185049057007,541.6058492660522,220.1749563217163,-0.6217454671859741,-0.6095734238624573,-0.19003666937351227,0.9635345339775085,219.44767713546753,215.3223180770874,0.6745900511741638,-0.4885781705379486,-0.10503101348876953,0.9924800395965576,536.1351728439331,220.79734325408936,-0.6156315803527832,-0.5513892769813538,-0.14407944679260254,0.9697508215904236,224.66618299484253,216.80508613586426,0.10020538419485092,0.012549016624689102,0.014320333488285542,0.9998858571052551,398.1451749801636,339.15038108825684,-0.09824298322200775,-0.017518633976578712,-0.01178886741399765,0.99988853931427,358.79382133483887,335.0167751312256,0.3801398277282715,0.2834888994693756,-0.047685980796813965,0.9743896722793579,462.55183696746826,392.7783679962158,-0.4029741585254669,-0.007428915239870548,-0.15865495800971985,0.9928691387176514,278.3103632926941,351.1882495880127,0.6824626922607422,0.4977894425392151,0.056404419243335724,0.9683840870857239,527.5941610336304,437.67685890197754,-0.44644489884376526,0.39954766631126404,-0.016643738374114037,0.9383832216262817,272.67892599105835,434.2039489746094,0.6908559799194336,0.5145876407623291,0.06797625869512558,0.8265320658683777,532.4198627471924,447.3599910736084,-0.4510914087295532,0.43331000208854675,-0.04081474244594574,0.8762018084526062,280.79816579818726,448.27460289001465,0.7110028266906738,0.47501301765441895,0.008142393082380295,0.942963719367981,539.6793365478516,449.18646812438965,-0.5192355513572693,0.44081127643585205,-0.07414692640304565,0.904656708240509,239.6465563774109,448.59655380249023
34,0.14166666666666666,-0.12301565706729889,-0.6066742539405823,-0.20519675314426422,0.999878466129303,351.9668912887573,199.42477226257324,-0.09847690165042877,-0.6202394962310791,-0.21535468101501465,0.9991410374641418,356.3721299171448,192.6107883453369,-0.0980287715792656,-0.6213167309761047,-0.2103988379240036,0.9990618824958801,358.6541748046875,192.34594345092773,-0.09910604357719421,-0.6235682964324951,-0.2122507393360138,0.999157726764679,360.9085178375244,192.13348388671875,-0.10537959635257721,-0.6321597695350647,-0.21413825452327728,0.9993685483932495,354.5495367050171,192.82562255859375,-0.1034773662686348,-0.6322363018989563,-0.22227272391319275,0.9994733333587646,355.307035446167,192.71603107452393,-0.0996812954545021,-0.6201636791229248,-0.20407122373580933,0.9995224475860596,356.0382056236267,192.55711555480957,0.01147220004349947,-0.591228187084198,-0.197421133518219,0.999442458152771,373.51502895355225,193.91375541687012,-0.05347881838679314,-0.5597922205924988,-0.1055229902267456,0.9993985295295715,366.3471794128418,194.2479944229126,-0.0616438053548336,-0.588435709476471,-0.19037462770938873,0.9997071027755737,358.2377243041992,206.3740110397339,-0.07829803973436356,-0.5566350817680359,-0.19183644652366638,0.9996055960655212,356.03005170822144,206.5993309020996,0.1863589584827423,-0.46837297081947327,-0.06773950904607773,0.9998513460159302,414.1284370422363,225.09591579437256,-0.1132056936621666,-0.5289909839630127,0.02087472938001156,0.999743640422821,347.5557518005371,231.28754138946533,0.4407695233821869,-0.5151941180229187,-0.09719838947057724,0.9979762434959412,470.70459365844727,227.8337001800537,-0.3679221570491791,-0.4826740324497223,-0.013560968451201916,0.9896813035011292,290.31970739364624,222.19967365264893,0.6619230508804321,-0.5066481232643127,-0.0842171311378479,0.9973175525665283,523.9469575881958,220.27816772460938,-0.6123582124710083,-0.5394424200057983,-0.12299136072397232,0.9830825924873352,236.48528337478638,216.58510208129883,0.7151890397071838,-0.5255060195922852,-0.07127562910318375,0.9931009411811829,538.7178182601929,221.03609561920166,-0.6436683535575867,-0.5666492581367493,-0.1571987122297287,0.9618852138519287,220.58205842971802,214.99906539916992,0.7067923545837402,-0.5290297269821167,-0.11249589174985886,0.9938787221908569,541.2061357498169,219.22701358795166,-0.6211913228034973,-0.6093642115592957,-0.1900961697101593,0.9644621014595032,219.12587642669678,214.25013542175293,0.674643874168396,-0.48848310112953186,-0.10472903400659561,0.9926642775535583,535.7235288619995,219.86608028411865,-0.6153154969215393,-0.5513733625411987,-0.14409254491329193,0.9704616069793701,224.37888622283936,215.7625150680542,0.1002039685845375,0.012538568116724491,0.014338182285428047,0.9998878836631775,397.72241592407227,338.0170726776123,-0.09823785722255707,-0.017497029155492783,-0.01180301420390606,0.9998908638954163,358.42005014419556,333.9436626434326,0.38013866543769836,0.28349947929382324,-0.04760618135333061,0.9748029708862305,462.0200729370117,391.53757095336914,-0.4029531478881836,-0.007375708315521479,-0.15879963338375092,0.9930284023284912,277.91740894317627,350.10080337524414,0.6824571490287781,0.4978010058403015,0.056403446942567825,0.9690118432044983,527.0426559448242,436.49763107299805,-0.4464653432369232,0.39979761838912964,-0.01693670079112053,0.9397957921028137,272.24554538726807,433.4065532684326,0.6908524036407471,0.5146118998527527,0.06797295808792114,0.8290950655937195,531.9036340713501,446.2416172027588,-0.45112425088882446,0.43359193205833435,-0.041111353784799576,0.8785792589187622,280.3641414642334,447.29936599731445,0.711086094379425,0.4749777913093567,0.008146116510033607,0.9441820383071899,539.1849946975708,448.161678314209,-0.5193414092063904,0.4408275783061981,-0.07440117746591568,0.9069133400917053,239.15210723876953,447.703857421875
35,0.14583333333333334,-0.12296639382839203,-0.6068915128707886,-0.20415998995304108,0.9998774528503418,351.5515351295471,198.7144660949707,-0.09845161437988281,-0.6204963326454163,-0.21429979801177979,0.9991353154182434,355.88971853256226,191.8681812286377,-0.0980045422911644,-0.6215788722038269,-0.20935958623886108,0.9990552663803101,358.1697463989258,191.58257961273193,-0.09907986968755722,-0.6238278150558472,-0.21120992302894592,0.999152421951294,360.4215145111084,191.34655952453613,-0.10535319149494171,-0.6323710083961487,-0.21309037506580353,0.9993632435798645,354.10231590270996,192.08633422851562,-0.10345061123371124,-0.6324466466903687,-0.2212081402540207,0.999468207359314,354.85058784484863,191.96202278137207,-0.0996551588177681,-0.6203714609146118,-0.2030276507139206,0.9995179772377014,355.58547019958496,191.78493976593018,0.011492296122014523,-0.5915735363960266,-0.1964309960603714,0.9994399547576904,373.12840461730957,192.98044681549072,-0.053461428731679916,-0.5599765181541443,-0.10458981990814209,0.9993929862976074,365.99076747894287,193.39060306549072,-0.06158295273780823,-0.5887003540992737,-0.18935519456863403,0.9997059106826782,357.7964472770691,205.60538291931152,-0.07824154198169708,-0.5568417906761169,-0.19082465767860413,0.9996029138565063,355.6215834617615,205.82910060882568,0.1864362508058548,-0.4686530828475952,-0.06722044944763184,0.9998513460159302,413.70559215545654,224.47844982147217,-0.1131112277507782,-0.5291882753372192,0.021459929645061493,0.9997416734695435,347.1917653083801,230.43899059295654,0.440857857465744,-0.5156025886535645,-0.09687642753124237,0.9979933500289917,470.28990268707275,227.13692665100098,-0.36793193221092224,-0.4829797148704529,-0.013077501207590103,0.9896581768989563,289.84248876571655,221.53314113616943,0.6619247198104858,-0.5067866444587708,-0.08389168232679367,0.9973301887512207,523.5048866271973,219.4724464416504,-0.612371563911438,-0.5395030975341797,-0.1226629689335823,0.9828983545303345,236.09447479248047,215.83990573883057,0.715189516544342,-0.5256167054176331,-0.0709635391831398,0.9931210279464722,538.2848453521729,220.25053024291992,-0.6436755657196045,-0.5666714906692505,-0.15686112642288208,0.9614782333374023,220.1941466331482,214.14982795715332,0.706792950630188,-0.5291318893432617,-0.11213736236095428,0.9938937425613403,540.7569408416748,218.50494861602783,-0.621221661567688,-0.6093736886978149,-0.18971116840839386,0.9640665054321289,218.755624294281,213.4046173095703,0.6746419668197632,-0.48860129714012146,-0.10438267886638641,0.9926804304122925,535.2624464035034,219.0871238708496,-0.615333080291748,-0.5514106154441833,-0.14373022317886353,0.9701505899429321,224.0174961090088,214.99351501464844,0.10020730644464493,0.012538185343146324,0.014348234049975872,0.9998870491981506,397.31163024902344,337.3183536529541,-0.09823868423700333,-0.017495639622211456,-0.011810547672212124,0.9998902082443237,357.9666495323181,333.3288288116455,0.38014402985572815,0.283364474773407,-0.0476013608276844,0.9749177694320679,461.61842823028564,390.9378147125244,-0.40297648310661316,-0.007857183925807476,-0.15884800255298615,0.9931144714355469,277.49767541885376,349.04351234436035,0.6824558973312378,0.49767032265663147,0.05667269229888916,0.9688811898231506,526.5674543380737,435.7863235473633,-0.44652408361434937,0.3994147479534149,-0.016970429569482803,0.9400585293769836,271.8139886856079,432.5207805633545,0.6908531785011292,0.5144821405410767,0.06832395493984222,0.8287143707275391,531.3874912261963,445.4087448120117,-0.45120131969451904,0.4332256615161896,-0.04113362357020378,0.8788111209869385,279.9226927757263,446.40472412109375,0.7110875844955444,0.4748991131782532,0.00862155668437481,0.943809449672699,538.6950731277466,447.40447998046875,-0.5193439722061157,0.44064533710479736,-0.07443199306726456,0.9069340825080872,238.83496284484863,446.9015693664551
36,0.15,-0.12299422919750214,-0.606689453125,-0.20441660284996033,0.999878466129303,350.9490895271301,197.9779815673828,-0.0984116718173027,-0.6203746795654297,-0.21465224027633667,0.9991405606269836,355.23264169692993,191.01280689239502,-0.0979628786444664,-0.621454656124115,-0.209714874625206,0.9990606904029846,357.49462366104126,190.74872016906738,-0.09903687238693237,-0.6237066388130188,-0.21155107021331787,0.9991562962532043,359.76162672042847,190.54201126098633,-0.10534394532442093,-0.6322605609893799,-0.21331065893173218,0.9993665218353271,353.46420764923096,191.2256383895874,-0.10344089567661285,-0.6323190927505493,-0.22141718864440918,0.9994706511497498,354.18939113616943,191.10297203063965,-0.09964856505393982,-0.6202593445777893,-0.2032288759946823,0.9995193481445312,354.90082025527954,190.92663288116455,0.01189284585416317,-0.5915674567222595,-0.19655458629131317,0.9994398355484009,372.5190496444702,192.0683240890503,-0.053417980670928955,-0.5599750876426697,-0.10472472757101059,0.9993935823440552,365.36149978637695,192.34246730804443,-0.06158987432718277,-0.5885702967643738,-0.18951871991157532,0.999704897403717,357.15080738067627,204.7164487838745,-0.07826266437768936,-0.5567068457603455,-0.19088172912597656,0.999602198600769,354.94476556777954,204.90968227386475,0.18660522997379303,-0.4686778485774994,-0.0673385038971901,0.9998506307601929,413.037486076355,223.1691598892212,-0.11288673430681229,-0.5292692184448242,0.02139388956129551,0.999739408493042,346.602623462677,229.32005882263184,0.4410601258277893,-0.5155929327011108,-0.09698425233364105,0.998002290725708,469.7030782699585,226.07211112976074,-0.36780062317848206,-0.48298025131225586,-0.013157771900296211,0.9894657731056213,289.31164741516113,220.58499813079834,0.6619636416435242,-0.5066657066345215,-0.0840066596865654,0.9973657131195068,522.9753971099854,218.42634201049805,-0.6121574640274048,-0.5392886400222778,-0.1227150410413742,0.9825228452682495,235.40443897247314,214.8785161972046,0.7152034044265747,-0.525479257106781,-0.0711248591542244,0.9932131171226501,537.744927406311,219.2520046234131,-0.6434155702590942,-0.566324770450592,-0.15688073635101318,0.9607105255126953,219.52492475509644,213.0695343017578,0.7068036794662476,-0.5290201902389526,-0.11224761605262756,0.9939778447151184,540.2009725570679,217.4470853805542,-0.6209670305252075,-0.6088476777076721,-0.18973907828330994,0.963383674621582,218.08618783950806,212.3060417175293,0.6746572852134705,-0.4884724020957947,-0.10445243865251541,0.9927648305892944,534.6961784362793,218.03669929504395,-0.6151025295257568,-0.551115870475769,-0.143785759806633,0.9696308374404907,223.36207151412964,213.99523258209229,0.10021345317363739,0.012545447796583176,0.014379633590579033,0.9998844265937805,396.6875123977661,336.5072250366211,-0.09824129194021225,-0.01749744638800621,-0.011839203536510468,0.9998876452445984,357.3755121231079,332.3679542541504,0.3802054822444916,0.2833717167377472,-0.04745838791131973,0.9746078848838806,461.01988792419434,390.06091117858887,-0.40296050906181335,-0.008060632273554802,-0.159189835190773,0.9930381178855896,276.86516761779785,347.99757957458496,0.6825488209724426,0.4976778030395508,0.05690666660666466,0.9686279892921448,526.0365056991577,434.9817180633545,-0.4465975761413574,0.39934924244880676,-0.017301257699728012,0.9393960237503052,271.2005567550659,431.31937980651855,0.690929651260376,0.5144916772842407,0.06853633373975754,0.8269511461257935,530.7963752746582,444.60845947265625,-0.4512896239757538,0.4331619143486023,-0.041437435895204544,0.8772686719894409,279.3158268928528,445.4652786254883,0.7110589146614075,0.47450926899909973,0.008681725710630417,0.9434484243392944,538.1197929382324,446.7276191711426,-0.5192596912384033,0.4403080642223358,-0.07502210885286331,0.9062110185623169,238.23749542236328,445.7288074493408
37,0.15416666666666667,-0.12289532274007797,-0.6066800951957703,-0.20282462239265442,0.9998786449432373,350.48699855804443,197.65007972717285,-0.09838951379060745,-0.6204251050949097,-0.2130267471075058,0.9991403222084045,354.76898431777954,190.79027652740479,-0.09794009476900101,-0.621505081653595,-0.20811733603477478,0.9990599155426025,356.9995093345642,190.4925298690796,-0.09901238232851028,-0.6237569451332092,-0.20993918180465698,0.9991541504859924,359.2696452140808,190.2394437789917,-0.10532055795192719,-0.6322562098503113,-0.21175354719161987,0.9993687868118286,353.00769567489624,190.98485469818115,-0.1034189835190773,-0.6323166489601135,-0.21982607245445251,0.9994730353355408,353.7276864051819,190.84622383117676,-0.09962337464094162,-0.6202507615089417,-0.2016618847846985,0.9995222687721252,354.423987865448,190.64367771148682,0.011883696541190147,-0.5919501781463623,-0.1949450671672821,0.9994356632232666,372.0944023132324,191.61777019500732,-0.05342346802353859,-0.5600065588951111,-0.10345273464918137,0.9993961453437805,364.9199867248535,191.99196338653564,-0.06146543473005295,-0.5886645913124084,-0.1878972053527832,0.9997050166130066,356.6594910621643,204.34724807739258,-0.07814526557922363,-0.5567179322242737,-0.18934695422649384,0.9996033310890198,354.46799755096436,204.5264768600464,0.1867394894361496,-0.4689936935901642,-0.06626491993665695,0.9998512864112854,412.5693655014038,222.8653621673584,-0.11278175562620163,-0.5294627547264099,0.022272592410445213,0.9997438788414001,346.17271900177,228.83378505706787,0.44129759073257446,-0.5156611800193787,-0.09635133296251297,0.9979912638664246,469.2650842666626,225.68655967712402,-0.3677801787853241,-0.48307278752326965,-0.012454360723495483,0.9896186590194702,288.87320280075073,220.25389194488525,0.6621013283729553,-0.5066728591918945,-0.08333504945039749,0.9973687529563904,522.5968837738037,218.11162948608398,-0.6121656894683838,-0.5392369031906128,-0.12235314399003983,0.9831130504608154,234.91086959838867,214.42301273345947,0.7153154611587524,-0.5254998207092285,-0.0703686997294426,0.9932154417037964,537.3584747314453,218.7921667098999,-0.6434628963470459,-0.5662214756011963,-0.15658479928970337,0.9619454741477966,219.0579628944397,212.87291049957275,0.7069011330604553,-0.529108464717865,-0.11146892607212067,0.9939814805984497,539.8037052154541,217.07080364227295,-0.6210343241691589,-0.6086922287940979,-0.18943646550178528,0.9645334482192993,217.62456893920898,211.83154106140137,0.6747474074363708,-0.48849231004714966,-0.10375391691923141,0.9927672743797302,534.2960357666016,217.68038749694824,-0.6151240468025208,-0.5510358810424805,-0.14340944588184357,0.9705100655555725,222.92927026748657,213.39870929718018,0.10021516680717468,0.012543870136141777,0.014387417584657669,0.9998812675476074,396.2388753890991,336.11111640930176,-0.09824120998382568,-0.017493488267064095,-0.011845523491501808,0.9998856782913208,356.9583749771118,331.9745922088623,0.3802429735660553,0.28309696912765503,-0.04746278375387192,0.9745696783065796,460.54434299468994,389.6307563781738,-0.4028671681880951,-0.008125081658363342,-0.15925779938697815,0.9930806159973145,276.420521736145,347.5312614440918,0.6825878024101257,0.49765896797180176,0.05673318728804588,0.9685148596763611,525.596923828125,434.6521282196045,-0.44660893082618713,0.3993259072303772,-0.017711183056235313,0.9394421577453613,270.75061082839966,431.1335849761963,0.6909722685813904,0.5144850015640259,0.06833167374134064,0.8264655470848083,530.3456354141235,444.26061630249023,-0.45131224393844604,0.43314093351364136,-0.04186389222741127,0.8774197101593018,278.8828110694885,445.2250099182129,0.711060106754303,0.47423651814460754,0.008427946828305721,0.9433116316795349,537.7111101150513,446.5828800201416,-0.519248366355896,0.4401562213897705,-0.07553697377443314,0.9063193202018738,237.79664754867554,445.3755569458008
38,0.15833333333333333,-0.12290557473897934,-0.6066000461578369,-0.20269884169101715,0.9998762607574463,350.08222103118896,197.49937534332275,-0.0983777865767479,-0.6203806400299072,-0.21292167901992798,0.9991235136985779,354.37572956085205,190.63250541687012,-0.09792806208133698,-0.6214582324028015,-0.2080109864473343,0.9990403652191162,356.5746259689331,190.32083988189697,-0.09899880737066269,-0.6237117648124695,-0.20983000099658966,0.9991374015808105,358.8461995124817,190.0513458251953,-0.10532177239656448,-0.6322107315063477,-0.21158814430236816,0.9993547201156616,352.61969804763794,190.82345008850098,-0.10341952741146088,-0.632273256778717,-0.21966229379177094,0.9994602799415588,353.34009647369385,190.67145824432373,-0.09962443262338638,-0.6202041506767273,-0.2015049010515213,0.999511182308197,354.02328729629517,190.4549217224121,0.0119694909080863,-0.5920746326446533,-0.1948113888502121,0.9994208216667175,371.7310380935669,191.3074493408203,-0.053422167897224426,-0.5600675344467163,-0.10299315303564072,0.9993786215782166,364.54370498657227,191.71973705291748,-0.06146169453859329,-0.5886307954788208,-0.18775446712970734,0.9996970891952515,356.22892141342163,204.15743350982666,-0.07815249264240265,-0.5566816926002502,-0.18911418318748474,0.9995922446250916,354.0452814102173,204.33789253234863,0.1867944300174713,-0.4691500663757324,-0.06594660878181458,0.9998485445976257,412.19106674194336,222.57895946502686,-0.11270338296890259,-0.529593288898468,0.02272298000752926,0.999738335609436,345.7891845703125,228.5124921798706,0.44134852290153503,-0.515670120716095,-0.09624065458774567,0.9979372620582581,468.94540786743164,225.4923391342163,-0.36779311299324036,-0.4831680357456207,-0.012016978114843369,0.9893515706062317,288.4897756576538,219.9704933166504,0.662019670009613,-0.5066486597061157,-0.08336491882801056,0.997299313545227,522.5019550323486,217.91537761688232,-0.6121038198471069,-0.5392469763755798,-0.1220204085111618,0.9825387001037598,234.47315454483032,214.20998096466064,0.7151380777359009,-0.5254777073860168,-0.0704999715089798,0.9930558800697327,537.1770715713501,218.54530334472656,-0.6433438658714294,-0.5662245154380798,-0.15628373622894287,0.9607451558113098,218.64370107650757,212.548828125,0.7066628336906433,-0.5290952324867249,-0.111539326608181,0.9938368797302246,539.5997285842896,216.89031600952148,-0.620858371257782,-0.6087021231651306,-0.189037024974823,0.9634085893630981,217.2049641609192,211.54020309448242,0.6745964884757996,-0.4884691536426544,-0.10376535356044769,0.9925882816314697,534.11780834198,217.45831489562988,-0.6150388121604919,-0.5510411858558655,-0.1430300623178482,0.9695921540260315,222.51545906066895,213.1815004348755,0.1002143919467926,0.012543394230306149,0.014388332143425941,0.9998779892921448,395.8440113067627,335.69366455078125,-0.09823805838823318,-0.017492100596427917,-0.011845538392663002,0.9998828768730164,356.61953687667847,331.6048336029053,0.3802414536476135,0.2830280363559723,-0.04751060903072357,0.9737426042556763,460.189003944397,389.2286968231201,-0.40289318561553955,-0.008172507397830486,-0.15912891924381256,0.9928410649299622,276.0823917388916,347.15784072875977,0.6826576590538025,0.497624933719635,0.0565246045589447,0.9672141671180725,525.2835559844971,434.3555545806885,-0.446748822927475,0.39927008748054504,-0.01771867461502552,0.9376530051231384,270.4199481010437,430.5879306793213,0.6910605430603027,0.514451265335083,0.06810285151004791,0.8218291997909546,529.9514150619507,443.91157150268555,-0.45144325494766235,0.4330819547176361,-0.041899047791957855,0.8749133944511414,278.57736110687256,444.7547435760498,0.7110649943351746,0.4741879105567932,0.008216788992285728,0.9410244822502136,537.4087715148926,446.39153480529785,-0.5192787051200867,0.4399733245372772,-0.07552601397037506,0.9035112261772156,237.43521451950073,444.8276138305664
39,0.1625,-0.12292343378067017,-0.6069625020027161,-0.20220863819122314,0.9998688697814941,349.743447303772,197.0262908935547,-0.09837016463279724,-0.6207327246665955,-0.212499737739563,0.9990655183792114,354.0365266799927,190.21323680877686,-0.09792391210794449,-0.6218019723892212,-0.20760026574134827,0.998979926109314,356.2125492095947,189.93680477142334,-0.09899294376373291,-0.6240671873092651,-0.209409698843956,0.9990798234939575,358.5038208961487,189.70497608184814,-0.10530269891023636,-0.6325852274894714,-0.21111992001533508,0.9993142485618591,352.28360652923584,190.3546142578125,-0.103397436439991,-0.6326457262039185,-0.21921367943286896,0.99942946434021,352.99761056900024,190.2104616165161,-0.09960611909627914,-0.6205846667289734,-0.20106181502342224,0.9994829893112183,353.66451501846313,190.00017642974854,0.011996263638138771,-0.5922847390174866,-0.19474156200885773,0.9993897676467896,371.5426826477051,191.02981567382812,-0.05324868857860565,-0.560404896736145,-0.10272178053855896,0.999351441860199,364.2417526245117,191.39352321624756,-0.061484336853027344,-0.588935375213623,-0.1874125450849533,0.9996835589408875,355.8740544319153,203.71883869171143,-0.0781455785036087,-0.5570176839828491,-0.18873253464698792,0.9995753169059753,353.6944055557251,203.85558128356934,0.1868078112602234,-0.4692615568637848,-0.06596826016902924,0.9998440742492676,411.87997341156006,222.32869148254395,-0.11260765790939331,-0.5296981334686279,0.022793596610426903,0.9997313618659973,345.4791212081909,228.4087085723877,0.4413761496543884,-0.5158000588417053,-0.09638027846813202,0.9978878498077393,468.6734104156494,225.21100044250488,-0.36776119470596313,-0.4831649661064148,-0.012041068635880947,0.989025354385376,288.18557024002075,219.696364402771,0.6619594097137451,-0.5067049264907837,-0.08353948593139648,0.997197151184082,522.4377536773682,217.64960289001465,-0.6121138334274292,-0.539247989654541,-0.12206117063760757,0.9820109605789185,234.1071081161499,214.0499210357666,0.7150658369064331,-0.5255358815193176,-0.07069329917430878,0.9928540587425232,537.0345497131348,218.273663520813,-0.6433631777763367,-0.5662301182746887,-0.1562979519367218,0.9598775506019592,218.3124804496765,212.25977897644043,0.7065184116363525,-0.5292091965675354,-0.11176230758428574,0.9936575293540955,539.4539022445679,216.6505765914917,-0.6209668517112732,-0.6087092757225037,-0.18905286490917206,0.9626142978668213,216.8589162826538,211.3500165939331,0.6744857430458069,-0.48854631185531616,-0.10396051406860352,0.9923806190490723,533.9663171768188,217.2870397567749,-0.6150790452957153,-0.5510434508323669,-0.143069788813591,0.9690014719963074,222.1781873703003,213.0600929260254,0.1002264991402626,0.012543940916657448,0.014431637711822987,0.9998716115951538,395.53094387054443,335.44541358947754,-0.09824560582637787,-0.017491856589913368,-0.01188647374510765,0.9998772144317627,356.379189491272,331.37280464172363,0.3802289068698883,0.2830195128917694,-0.047315191477537155,0.9725971817970276,459.8828887939453,389.0339469909668,-0.4029059410095215,-0.008696102537214756,-0.1591838002204895,0.9926543831825256,275.82324743270874,346.7758083343506,0.6827117800712585,0.4974013566970825,0.056827761232852936,0.9655898213386536,524.9540519714355,434.2918395996094,-0.4472084939479828,0.39894744753837585,-0.017983416095376015,0.9355284571647644,270.3304696083069,430.3996467590332,0.6911231279373169,0.5141808390617371,0.06843410432338715,0.8157371282577515,529.5774507522583,443.6564254760742,-0.45191052556037903,0.43275535106658936,-0.042172230780124664,0.8711783289909363,278.5578989982605,444.61730003356934,0.7110000848770142,0.4736359715461731,0.008397084660828114,0.9383246898651123,537.3252153396606,446.0917282104492,-0.5193688869476318,0.43974390625953674,-0.07599698007106781,0.9001635909080505,237.18471765518188,444.47118759155273
40,0.16666666666666666,-0.12290427088737488,-0.606781005859375,-0.202626034617424,0.9998688101768494,349.57659244537354,197.1820878982544,-0.098309725522995,-0.620644211769104,-0.21289673447608948,0.9990593194961548,354.0109920501709,190.32079696655273,-0.09786197543144226,-0.6217114925384521,-0.20800049602985382,0.9989734292030334,356.1069130897522,190.0256109237671,-0.09892857074737549,-0.6239776611328125,-0.20979614555835724,0.9990704655647278,358.36376667022705,189.77386951446533,-0.10529574751853943,-0.6324542164802551,-0.2114332616329193,0.9993099570274353,352.2649812698364,190.47190189361572,-0.10338946431875229,-0.6325019001960754,-0.21952380239963531,0.9994266033172607,352.93888092041016,190.31533241271973,-0.09960085153579712,-0.6204484701156616,-0.20136962831020355,0.9994794130325317,353.5606598854065,190.09084224700928,0.01227745320647955,-0.5923221707344055,-0.19480285048484802,0.9993811249732971,371.5058183670044,191.0094165802002,-0.05326233431696892,-0.5603981614112854,-0.102842777967453,0.9993476867675781,364.12776947021484,191.40533924102783,-0.06142180785536766,-0.588862955570221,-0.18765127658843994,0.9996792674064636,355.68902492523193,203.84591102600098,-0.07814839482307434,-0.556891679763794,-0.18889982998371124,0.9995707273483276,353.56319189071655,204.00100708007812,0.1870235800743103,-0.4693467915058136,-0.06603389978408813,0.999840259552002,411.8154716491699,222.26836681365967,-0.11251966655254364,-0.5298360586166382,0.022731969133019447,0.9997282028198242,345.3379511833191,228.4162473678589,0.4416257441043854,-0.515794038772583,-0.0964883491396904,0.9979019165039062,468.59599113464355,225.21738052368164,-0.367770254611969,-0.48348045349121094,-0.01209278404712677,0.9891466498374939,288.1640696525574,219.68926906585693,0.6620566844940186,-0.5066677331924438,-0.08373822271823883,0.9972282648086548,522.0694541931152,217.6642084121704,-0.6121423244476318,-0.5393157005310059,-0.12210200726985931,0.9822466969490051,233.97956371307373,213.99484634399414,0.7151092886924744,-0.5255135297775269,-0.0709141418337822,0.9929416179656982,536.8096733093262,218.25230598449707,-0.6433898210525513,-0.5662559866905212,-0.15631964802742004,0.9603161215782166,218.27641010284424,212.0743989944458,0.7065494060516357,-0.5292099714279175,-0.11197863519191742,0.9937411546707153,539.2077827453613,216.6839361190796,-0.6209725737571716,-0.6087183952331543,-0.18907785415649414,0.9630445837974548,216.83539867401123,211.25491619110107,0.674533486366272,-0.4885173439979553,-0.10416987538337708,0.9924758672714233,533.6513185501099,217.32251644134521,-0.6151029467582703,-0.5510812997817993,-0.14311136305332184,0.9693852663040161,222.13698863983154,213.0320692062378,0.1002337858080864,0.012552302330732346,0.014439808204770088,0.999866783618927,395.430006980896,335.4580879211426,-0.09824992716312408,-0.017496798187494278,-0.011892822571098804,0.9998737573623657,356.0262107849121,331.431884765625,0.38028591871261597,0.2830103933811188,-0.047319844365119934,0.9726015329360962,459.8573970794678,388.9686584472656,-0.40304163098335266,-0.008802139200270176,-0.15913568437099457,0.9926720857620239,275.575647354126,346.69200897216797,0.682900607585907,0.4973589777946472,0.056860748678445816,0.9653328657150269,524.8070240020752,434.28125381469727,-0.44773945212364197,0.39890778064727783,-0.018280070275068283,0.9355244040489197,269.9388027191162,430.3871440887451,0.6913302540779114,0.5141337513923645,0.06847095489501953,0.8147999048233032,529.5243644714355,443.46144676208496,-0.45244717597961426,0.4327169358730316,-0.04249831289052963,0.8710501194000244,278.1074810028076,444.6910285949707,0.7110057473182678,0.47345486283302307,0.008419463410973549,0.9377983212471008,537.2161674499512,445.9467887878418,-0.5196691751480103,0.43952786922454834,-0.07654280960559845,0.8999336361885071,236.33965015411377,444.2844772338867
41,0.17083333333333334,-0.12288691848516464,-0.6066765189170837,-0.20274528861045837,0.9998682737350464,349.51324939727783,197.4045753479004,-0.09821344912052155,-0.6206116676330566,-0.2130374014377594,0.9990547299385071,353.77755403518677,190.5461883544922,-0.09775592386722565,-0.6216868162155151,-0.20813660323619843,0.9989664554595947,355.9706783294678,190.24455070495605,-0.09881910681724548,-0.623948872089386,-0.20993177592754364,0.9990642070770264,358.2410931587219,189.98409748077393,-0.10523263365030289,-0.6324047446250916,-0.2115374207496643,0.9993067979812622,352.0259428024292,190.68923950195312,-0.10332982242107391,-0.6324421763420105,-0.21963420510292053,0.999423086643219,352.6509618759155,190.51852226257324,-0.09955015778541565,-0.6203963756561279,-0.2014806866645813,0.9994766712188721,353.2492446899414,190.27726650238037,0.012590558268129826,-0.5924314856529236,-0.19493839144706726,0.9993719458580017,371.2120199203491,191.18011951446533,-0.053240664303302765,-0.5604455471038818,-0.10254371166229248,0.9993419051170349,363.82307052612305,191.56728744506836,-0.06138939782977104,-0.5888403654098511,-0.18775387108325958,0.9996749758720398,355.65542221069336,204.0559959411621,-0.07815366983413696,-0.5568357706069946,-0.18891723453998566,0.9995662569999695,353.5013508796692,204.20843124389648,0.18708239495754242,-0.46953535079956055,-0.06575827300548553,0.9998373985290527,411.51429176330566,222.43845462799072,-0.11238992214202881,-0.5300469994544983,0.023324983194470406,0.9997259378433228,345.3182315826416,228.48986148834229,0.4417296051979065,-0.5157949924468994,-0.0961419939994812,0.9978775978088379,468.18456172943115,225.40396213531494,-0.36778128147125244,-0.48365160822868347,-0.011349042877554893,0.9890941977500916,287.89544105529785,219.88022804260254,0.6620771288871765,-0.5066264867782593,-0.08353907614946365,0.9972299933433533,521.34521484375,217.86858558654785,-0.6121697425842285,-0.5393674969673157,-0.12164811789989471,0.9823014140129089,233.6894989013672,214.1200876235962,0.7151148319244385,-0.5254605412483215,-0.07089430093765259,0.9929537773132324,536.198558807373,218.38116645812988,-0.6434069275856018,-0.566284716129303,-0.15592969954013824,0.9604103565216064,217.98171043395996,212.20702171325684,0.7065514326095581,-0.5291563272476196,-0.11184445023536682,0.9937517642974854,538.6384677886963,216.85418128967285,-0.6209381818771362,-0.6087288856506348,-0.18865786492824554,0.9631583094596863,216.58923625946045,211.35825634002686,0.6745361089706421,-0.48846229910850525,-0.10391920804977417,0.9924764633178711,533.0226516723633,217.51825332641602,-0.6151275038719177,-0.551112711429596,-0.14264419674873352,0.96949303150177,221.94580078125,213.1343650817871,0.1002282127737999,0.012554880231618881,0.014432198368012905,0.999864935874939,395.21663188934326,335.5290699005127,-0.09823973476886749,-0.01749640889465809,-0.011880990117788315,0.9998729825019836,355.6893038749695,331.5824890136719,0.3802860379219055,0.2829696834087372,-0.047327544540166855,0.9722788333892822,459.59346771240234,389.07983779907227,-0.4030531644821167,-0.00888112187385559,-0.15910746157169342,0.9925820827484131,275.27764320373535,346.7996406555176,0.6828938722610474,0.4973664879798889,0.05680946260690689,0.9648581743240356,524.7155284881592,434.49777603149414,-0.44778144359588623,0.39890897274017334,-0.018446067348122597,0.9349613189697266,269.7047424316406,430.6527328491211,0.6913222074508667,0.5141483545303345,0.06841118633747101,0.812967836856842,529.2727088928223,443.629732131958,-0.4524993896484375,0.43272024393081665,-0.04267113283276558,0.8706015348434448,277.86221981048584,444.904146194458,0.7109014987945557,0.47355732321739197,0.008394348435103893,0.9369509816169739,536.3291072845459,446.1086082458496,-0.5197523832321167,0.4395391345024109,-0.07662586867809296,0.8991253972053528,236.023428440094,444.5478343963623
42,0.175,-0.1229143887758255,-0.6066750884056091,-0.2020515650510788,0.9998605847358704,349.1385769844055,197.53021717071533,-0.09822483360767365,-0.6206366419792175,-0.21242201328277588,0.9990034699440002,353.2531714439392,190.68337440490723,-0.09776916354894638,-0.6217100024223328,-0.20753473043441772,0.9989100694656372,355.50976753234863,190.37940502166748,-0.09883266687393188,-0.6239718198776245,-0.20932960510253906,0.999016523361206,357.72364139556885,190.11353015899658,-0.10523732006549835,-0.6324293613433838,-0.21086183190345764,0.9992669224739075,351.55503273010254,190.81000328063965,-0.10333289206027985,-0.6324694156646729,-0.21896331012248993,0.9993897080421448,352.2003507614136,190.62804222106934,-0.09955152124166489,-0.6204223036766052,-0.20082098245620728,0.9994481205940247,352.8692936897278,190.3781032562256,0.012585269287228584,-0.5925034284591675,-0.19471228122711182,0.9993451237678528,370.4504871368408,191.25868320465088,-0.053141605108976364,-0.5605359077453613,-0.1020207405090332,0.9993072152137756,363.4027576446533,191.66032791137695,-0.06141810864210129,-0.5888680815696716,-0.1872253268957138,0.9996620416641235,355.2718234062195,204.15565967559814,-0.07815728336572647,-0.5568700432777405,-0.18830659985542297,0.9995474815368652,353.1804299354553,204.2957067489624,0.1871023029088974,-0.46960318088531494,-0.06565772742033005,0.9998345375061035,410.8791446685791,222.60887145996094,-0.11233021318912506,-0.5300844311714172,0.02365766279399395,0.9997193813323975,344.9084758758545,228.67589950561523,0.4417431354522705,-0.5158124566078186,-0.09619423747062683,0.9978469014167786,467.50349521636963,225.52345275878906,-0.3677940368652344,-0.4836077094078064,-0.011048850603401661,0.9888828992843628,287.4159908294678,220.0281858444214,0.6619281768798828,-0.5066284537315369,-0.08369296789169312,0.9971540570259094,520.1387357711792,218.0161428451538,-0.6121907234191895,-0.5393693447113037,-0.12154950201511383,0.9818016290664673,233.45378637313843,214.3220329284668,0.7149111032485962,-0.5254676938056946,-0.07111500948667526,0.992764413356781,535.2131366729736,218.4995412826538,-0.6434020400047302,-0.5663096308708191,-0.15581707656383514,0.959414005279541,217.67735481262207,212.3935031890869,0.7062780261039734,-0.5291746854782104,-0.11199948191642761,0.9935751557350159,537.6769495010376,217.0097780227661,-0.6210049986839294,-0.6087799668312073,-0.18852245807647705,0.9622177481651306,216.3145351409912,211.5466833114624,0.6743160486221313,-0.48846495151519775,-0.10407017171382904,0.9922662377357483,531.9895505905151,217.69529342651367,-0.6151676774024963,-0.5511189103126526,-0.14253133535385132,0.9686890840530396,221.58810138702393,213.33257675170898,0.10023027658462524,0.012554212473332882,0.014447362162172794,0.9998637437820435,394.72782611846924,335.601224899292,-0.09824002534151077,-0.01749453879892826,-0.01189285796135664,0.9998717308044434,355.0406813621521,331.6648578643799,0.3803185522556305,0.28289473056793213,-0.047331809997558594,0.9719132781028748,458.94875049591064,389.2317581176758,-0.40311649441719055,-0.009107261896133423,-0.15898221731185913,0.9925055503845215,274.5744323730469,346.8845558166504,0.6829023957252502,0.49724727869033813,0.057146016508340836,0.9640598297119141,524.0833854675293,434.6129894256592,-0.4479616582393646,0.3987223505973816,-0.018370404839515686,0.9340746998786926,268.83705854415894,430.64234733581543,0.6913379430770874,0.5140277147293091,0.06885498762130737,0.8108608722686768,528.3625602722168,443.7180805206299,-0.45264992117881775,0.4325457513332367,-0.042607057839632034,0.869103193283081,277.02425479888916,444.9206256866455,0.7110994458198547,0.47354423999786377,0.008900731801986694,0.9353566765785217,535.4617881774902,446.1892318725586,-0.5198521614074707,0.439471960067749,-0.07658575475215912,0.8973120450973511,235.78956127166748,444.715576171875
43,0.17916666666666667,-0.12283266335725784,-0.6065470576286316,-0.20305965840816498,0.9998621344566345,348.4570384025574,197.76888370513916,-0.09812568873167038,-0.6205600500106812,-0.21333426237106323,0.9990106225013733,352.2834777832031,190.90227127075195,-0.09766985476016998,-0.6216291785240173,-0.20844565331935883,0.9989187717437744,354.6492075920105,190.5853271484375,-0.09873070567846298,-0.6238953471183777,-0.21022412180900574,0.9990214705467224,356.9320034980774,190.30563354492188,-0.10520294308662415,-0.6323100924491882,-0.21172179281711578,0.9992719888687134,350.58433055877686,191.033034324646,-0.10329588502645493,-0.6323371529579163,-0.21982643008232117,0.9993941187858582,351.1232614517212,190.84150314331055,-0.09952061623334885,-0.6203010678291321,-0.2016691267490387,0.99945068359375,351.6944646835327,190.58090686798096,0.012875914573669434,-0.5925078392028809,-0.1949416995048523,0.9993479251861572,369.546217918396,191.39565467834473,-0.053149931132793427,-0.5605195164680481,-0.10216584801673889,0.9993116855621338,362.2141742706299,191.81738376617432,-0.061271119862794876,-0.5888090133666992,-0.1879134625196457,0.9996634721755981,354.57695960998535,204.38497066497803,-0.07811284065246582,-0.5567643642425537,-0.1889689862728119,0.9995495676994324,352.3540949821472,204.5268201828003,0.18739262223243713,-0.4696153998374939,-0.06575318425893784,0.9998326301574707,409.93607997894287,222.79749870300293,-0.11219809204339981,-0.5301520824432373,0.02361740544438362,0.999717116355896,344.15228605270386,228.89063358306885,0.44213226437568665,-0.5157523155212402,-0.0962989553809166,0.9978941082954407,466.7283582687378,225.7119083404541,-0.3678012490272522,-0.4837794899940491,-0.011103709228336811,0.9891147017478943,286.25646114349365,220.24084568023682,0.6621834635734558,-0.506553053855896,-0.08386151492595673,0.9972281455993652,518.8169002532959,218.2117509841919,-0.6122319102287292,-0.5393709540367126,-0.12159106135368347,0.9821250438690186,232.61951208114624,214.51629638671875,0.7150838375091553,-0.525424063205719,-0.07131906598806381,0.9929417371749878,534.0460968017578,218.66339206695557,-0.6434524059295654,-0.5662999153137207,-0.1559504121541977,0.9599794745445251,216.62193775177002,212.5605869293213,0.7064511179924011,-0.5291712284088135,-0.11219363659620285,0.993739128112793,536.4649772644043,217.20601558685303,-0.6210737228393555,-0.6087622046470642,-0.18864525854587555,0.9627660512924194,215.25268077850342,211.73799991607666,0.6745029091835022,-0.48840680718421936,-0.10424540191888809,0.9924587607383728,530.6984424591064,217.89793968200684,-0.6152169704437256,-0.5511189699172974,-0.1425742357969284,0.9691640138626099,220.56214570999146,213.54307651519775,0.10023769736289978,0.012565202079713345,0.014467879198491573,0.9998601078987122,393.51430892944336,335.7638740539551,-0.09824475646018982,-0.01750202476978302,-0.011911328881978989,0.9998688101768494,353.5717535018921,331.8584632873535,0.3804028332233429,0.28290510177612305,-0.047259390354156494,0.9723290205001831,457.96560287475586,389.39517974853516,-0.4031461179256439,-0.009187819436192513,-0.1591525673866272,0.9926576018333435,273.28540563583374,347.06969261169434,0.6830015778541565,0.49734652042388916,0.05716468021273613,0.964576780796051,522.805666923523,434.8288822174072,-0.4483235478401184,0.39872345328330994,-0.01874718628823757,0.9349064230918884,267.4542832374573,430.87666511535645,0.691428542137146,0.5141364932060242,0.06886737793684006,0.8120331764221191,527.3430633544922,443.8979244232178,-0.4530300199985504,0.4325471818447113,-0.04297928512096405,0.8699330687522888,275.54522037506104,445.16584396362305,0.7110856175422668,0.47360312938690186,0.008895767852663994,0.9361038208007812,534.2083597183228,446.32046699523926,-0.5200098752975464,0.4394739866256714,-0.07716292887926102,0.8984153866767883,234.0796422958374,444.9385643005371
44,0.18333333333333332,-0.12267514318227768,-0.6063450574874878,-0.20320266485214233,0.9998646974563599,347.45108127593994,198.01039695739746,-0.09787546098232269,-0.6204473972320557,-0.2135518342256546,0.9990295767784119,351.0565710067749,191.13757610321045,-0.09740816056728363,-0.6215215921401978,-0.20865580439567566,0.9989394545555115,353.53360176086426,190.81406593322754,-0.09846757352352142,-0.6237830519676208,-0.21043464541435242,0.9990394115447998,355.8444857597351,190.52706241607666,-0.10499801486730576,-0.6321754455566406,-0.21185390651226044,0.9992853999137878,349.3294429779053,191.26306056976318,-0.10309077799320221,-0.632190465927124,-0.2199496328830719,0.9994050860404968,349.8020267486572,191.0606288909912,-0.09933538734912872,-0.6201631426811218,-0.20178942382335663,0.9994599223136902,350.3248858451843,190.78908920288086,0.013345461338758469,-0.5925155282020569,-0.19504985213279724,0.9993572235107422,368.2722759246826,191.59217834472656,-0.05302967131137848,-0.5605134963989258,-0.10228569805622101,0.9993216395378113,360.8600664138794,192.0173692703247,-0.061080846935510635,-0.5886983275413513,-0.18800878524780273,0.9996668696403503,353.6003351211548,204.6304750442505,-0.07801193743944168,-0.5566118955612183,-0.18900525569915771,0.999554455280304,351.32477045059204,204.76263999938965,0.18760009109973907,-0.4696595370769501,-0.06584610044956207,0.9998332858085632,408.5649347305298,223.04996967315674,-0.11187507212162018,-0.5302042365074158,0.023561857640743256,0.9997186064720154,343.2741951942444,229.11622524261475,0.4423724412918091,-0.515699028968811,-0.09638525545597076,0.9979050159454346,465.15671253204346,225.92016220092773,-0.36776983737945557,-0.48384448885917664,-0.01112314686179161,0.989098846912384,285.12407541275024,220.47846794128418,0.6624278426170349,-0.5063950419425964,-0.08398711681365967,0.99726402759552,517.1152210235596,218.45964431762695,-0.6121494174003601,-0.539389967918396,-0.12155987322330475,0.9821156859397888,231.38288497924805,214.74218845367432,0.715333878993988,-0.5252460837364197,-0.07149318605661392,0.9930300712585449,532.338924407959,218.86250495910645,-0.6433349251747131,-0.566303014755249,-0.15590719878673553,0.9599142670631409,215.44983386993408,212.81643390655518,0.7067248225212097,-0.5290229916572571,-0.11233838647603989,0.9938195943832397,534.7501230239868,217.42841720581055,-0.6208648085594177,-0.6087644100189209,-0.18858788907527924,0.9627223610877991,214.11806344985962,211.9546365737915,0.6746980547904968,-0.48823174834251404,-0.10436011105775833,0.9925501346588135,529.0083503723145,218.14311504364014,-0.6151077747344971,-0.5511276721954346,-0.14254480600357056,0.969179630279541,219.55219745635986,213.75028610229492,0.10023634880781174,0.012566140852868557,0.014467575587332249,0.9998618960380554,392.17384815216064,335.9348487854004,-0.09824011474847794,-0.017501024529337883,-0.01190922874957323,0.9998709559440613,352.27676153182983,332.04909324645996,0.3804107904434204,0.2829769551753998,-0.04726347699761391,0.9725050330162048,456.59321308135986,389.60137367248535,-0.40314385294914246,-0.009158332832157612,-0.1591126024723053,0.9927216172218323,272.0449161529541,347.3096179962158,0.6830013990402222,0.497363418340683,0.057234231382608414,0.9647972583770752,521.3859415054321,435.0035762786865,-0.44824519753456116,0.39920714497566223,-0.018924523144960403,0.9358577728271484,266.46289587020874,431.1259174346924,0.6914300322532654,0.5141534805297852,0.06895217299461365,0.8129982948303223,525.7016801834106,444.02071952819824,-0.452919065952301,0.4331139326095581,-0.04316992312669754,0.8715204000473022,274.6181631088257,445.41340827941895,0.7110916376113892,0.4736262857913971,0.009083879180252552,0.9365115165710449,532.4359130859375,446.5346431732178,-0.5199254155158997,0.44034522771835327,-0.07740387320518494,0.8997410535812378,232.96860694885254,445.20612716674805
45,0.1875,-0.12241290509700775,-0.6062795519828796,-0.20278193056583405,0.9998612403869629,345.90569972991943,198.14892768859863,-0.09775730967521667,-0.620409369468689,-0.21300747990608215,0.9990065693855286,349.2174768447876,191.2567663192749,-0.0972859188914299,-0.6214820146560669,-0.20811016857624054,0.9989140033721924,351.76647663116455,190.9466314315796,-0.09833972156047821,-0.6237446069717407,-0.20989888906478882,0.999019205570221,354.1741132736206,190.67466259002686,-0.10491407662630081,-0.6321340799331665,-0.21139469742774963,0.9992655515670776,347.52721309661865,191.36894702911377,-0.10300744324922562,-0.632152795791626,-0.2194867730140686,0.9993849992752075,347.9103398323059,191.14645957946777,-0.0992622822523117,-0.6201226115226746,-0.20134061574935913,0.9994415044784546,348.3398151397705,190.85972785949707,0.013380349613726139,-0.5926753878593445,-0.19408056139945984,0.9993438124656677,366.43434047698975,191.75180912017822,-0.053060319274663925,-0.5605095624923706,-0.1016182079911232,0.999297022819519,359.05017614364624,192.14643001556396,-0.06078275665640831,-0.5886783003807068,-0.18745791912078857,0.9996576309204102,352.10670948028564,204.80974674224854,-0.0778389722108841,-0.5565775632858276,-0.1885058581829071,0.9995384216308594,349.7419023513794,204.90664958953857,0.18766093254089355,-0.46980249881744385,-0.06505043804645538,0.9998311400413513,406.83703422546387,223.2218313217163,-0.11171198636293411,-0.5302356481552124,0.024382956326007843,0.9997081756591797,341.66308879852295,229.31974411010742,0.4425033926963806,-0.5158154368400574,-0.09591834247112274,0.997862696647644,463.25148582458496,226.07143878936768,-0.3678208291530609,-0.4839678406715393,-0.01024276576936245,0.9886366724967957,283.0925917625427,220.64191818237305,0.6624592542648315,-0.5064542889595032,-0.08336970210075378,0.9971878528594971,515.105710029602,218.65034580230713,-0.6121891140937805,-0.5393925309181213,-0.12039829790592194,0.9808385372161865,229.4049596786499,214.98125553131104,0.7153436541557312,-0.525344729423523,-0.07100123167037964,0.9928587675094604,530.3035354614258,219.02060508728027,-0.6433752179145813,-0.5663018822669983,-0.154653400182724,0.9574288129806519,213.60479593276978,213.05917739868164,0.7067276239395142,-0.5291173458099365,-0.11170803010463715,0.9936665892601013,532.7410411834717,217.5900363922119,-0.6209098696708679,-0.6087368726730347,-0.1871822327375412,0.9603431820869446,212.10065603256226,212.17294692993164,0.674709677696228,-0.4882849454879761,-0.10368824750185013,0.992372453212738,527.0722246170044,218.32663536071777,-0.6151601672172546,-0.5511289834976196,-0.1413077563047409,0.9673534631729126,217.64358043670654,213.97254467010498,0.10022637248039246,0.01256871409714222,0.014461023733019829,0.9998612999916077,390.2148914337158,336.05841636657715,-0.09822379052639008,-0.01750074326992035,-0.011899948120117188,0.9998703002929688,350.46807289123535,332.2441291809082,0.3803994953632355,0.28284335136413574,-0.04730436950922012,0.9724751114845276,454.9907970428467,389.7679138183594,-0.4033193290233612,-0.009285198524594307,-0.15902774035930634,0.9927303791046143,270.1811456680298,347.5447082519531,0.6830028295516968,0.4968542754650116,0.057221654802560806,0.9647276401519775,519.4273710250854,435.1432514190674,-0.4482571482658386,0.39908847212791443,-0.018895434215664864,0.9361444711685181,264.5131015777588,431.3371753692627,0.6914341449737549,0.5135868191719055,0.06894738227128983,0.812795877456665,523.9475584030151,444.19721603393555,-0.4529493451118469,0.4330044686794281,-0.04314251244068146,0.8721985220909119,272.50604152679443,445.6216621398926,0.711066722869873,0.4734158515930176,0.009132050909101963,0.9360905885696411,530.3327178955078,446.72847747802734,-0.5199643969535828,0.44034677743911743,-0.07729408144950867,0.8996033072471619,231.26025438308716,445.3567600250244
46,0.19166666666666668,-0.12233016639947891,-0.6060023307800293,-0.20286084711551666,0.9998584389686584,344.2267441749573,198.17017078399658,-0.09761280566453934,-0.6202415823936462,-0.21311242878437042,0.9989851117134094,347.418851852417,191.28943920135498,-0.09713349491357803,-0.6213189363479614,-0.20821090042591095,0.9988909363746643,350.0349497795105,190.98556995391846,-0.09818276017904282,-0.6235793828964233,-0.20999775826931,0.9989985227584839,352.4444532394409,190.71916580200195,-0.10480918735265732,-0.6319326758384705,-0.2114417552947998,0.9992484450340271,345.70144414901733,191.41533851623535,-0.10290398448705673,-0.6319368481636047,-0.21952368319034576,0.999370276927948,346.071138381958,191.20691299438477,-0.09916980564594269,-0.6199113130569458,-0.20138031244277954,0.9994274377822876,346.51175022125244,190.93092441558838,0.013671211898326874,-0.592687726020813,-0.1941950023174286,0.99932861328125,364.6794033050537,191.81387901306152,-0.053046971559524536,-0.5605039000511169,-0.10174307972192764,0.9992784261703491,357.2197937965393,192.19913005828857,-0.06068326532840729,-0.5885416269302368,-0.18749366700649261,0.9996494054794312,350.4524302482605,204.8386573791504,-0.07780343294143677,-0.5563931465148926,-0.18858952820301056,0.9995274543762207,348.0877733230591,204.91723537445068,0.18774022161960602,-0.4698728322982788,-0.06508166342973709,0.9998288750648499,404.9639081954956,223.31937789916992,-0.11159063875675201,-0.5303036570549011,0.02443315088748932,0.9997028112411499,340.1175570487976,229.49897289276123,0.44263994693756104,-0.5157946348190308,-0.09582506865262985,0.9978405237197876,461.46195888519287,226.08354091644287,-0.3678257465362549,-0.4839865267276764,-0.010092195123434067,0.9884654879570007,281.3062834739685,220.65243244171143,0.6625420451164246,-0.5064166188240051,-0.08331257849931717,0.9971821308135986,513.2114696502686,218.73756408691406,-0.612135112285614,-0.5393937826156616,-0.12025852501392365,0.980506956577301,227.57050037384033,215.09375095367432,0.7154000401496887,-0.5253257751464844,-0.07106903195381165,0.9928492903709412,528.461651802063,219.03013229370117,-0.6432858109474182,-0.5663012862205505,-0.15452194213867188,0.9567371010780334,211.93989515304565,213.23362827301025,0.7067747116088867,-0.5291062593460083,-0.11170949786901474,0.993661105632782,530.8305788040161,217.6312494277954,-0.6208181381225586,-0.6087316274642944,-0.18704460561275482,0.9597338438034058,210.44476747512817,212.29017734527588,0.6747606992721558,-0.48824483156204224,-0.10360951721668243,0.99235999584198,525.170087814331,218.41097831726074,-0.6151086688041687,-0.5511298179626465,-0.14117425680160522,0.9668891429901123,216.01953506469727,214.05494213104248,0.10022332519292831,0.012571942061185837,0.014459764584898949,0.9998593926429749,388.24198722839355,336.13268852233887,-0.09821764379739761,-0.017501164227724075,-0.011896752752363682,0.9998686909675598,348.569176197052,332.3689556121826,0.3804023563861847,0.28283920884132385,-0.04731634259223938,0.9719884395599365,453.1212329864502,389.87683296203613,-0.40333452820777893,-0.009295775555074215,-0.15893664956092834,0.9925583600997925,268.3172035217285,347.69399642944336,0.6829512715339661,0.49687328934669495,0.057222023606300354,0.9638705849647522,517.2003221511841,435.18688201904297,-0.44829511642456055,0.3991146385669708,-0.01888992078602314,0.9349406361579895,262.8069806098938,431.3641834259033,0.6913734674453735,0.5136149525642395,0.06894832104444504,0.8097510933876038,521.8694257736206,444.24516677856445,-0.4529760479927063,0.4330410063266754,-0.043156299740076065,0.870362401008606,270.5126881599426,445.65321922302246,0.7109042406082153,0.4734845459461212,0.009150275029242039,0.9346058368682861,528.1286716461182,446.80795669555664,-0.5200144648551941,0.44043993949890137,-0.0772600993514061,0.8978351354598999,229.7393560409546,445.48112869262695
47,0.19583333333333333,-0.1220177635550499,-0.6056866645812988,-0.2029760181903839,0.999857485294342,342.2407937049866,198.4718656539917,-0.09745955467224121,-0.6200248599052429,-0.21322496235370636,0.9989779591560364,345.20763874053955,191.6352939605713,-0.0969756618142128,-0.6211053133010864,-0.20831936597824097,0.9988845586776733,347.869656085968,191.30865097045898,-0.09801977127790451,-0.6233612298965454,-0.21010629832744598,0.9989920258522034,350.35202980041504,191.01250648498535,-0.10471211373806,-0.6315738558769226,-0.2115604430437088,0.9992415308952332,343.5215163230896,191.7817211151123,-0.10280763357877731,-0.6315606236457825,-0.21965129673480988,0.9993636012077332,343.83136510849,191.60266399383545,-0.09908134490251541,-0.6195374131202698,-0.2015065848827362,0.9994204044342041,344.2034840583801,191.34947776794434,0.013765549287199974,-0.5927174687385559,-0.19411635398864746,0.9993261098861694,362.55101680755615,192.02632427215576,-0.05310064181685448,-0.560370683670044,-0.10175088047981262,0.9992712736129761,354.96270418167114,192.5200080871582,-0.06030096486210823,-0.5884307622909546,-0.18757034838199615,0.9996463656425476,348.46328258514404,205.04762649536133,-0.07758644223213196,-0.556137204170227,-0.18867570161819458,0.9995207786560059,346.05682611465454,205.18908977508545,0.18802766501903534,-0.47001418471336365,-0.0644441545009613,0.9998283386230469,403.03057193756104,223.380446434021,-0.11145132780075073,-0.5303329229354858,0.024595730006694794,0.9996976256370544,338.1920099258423,229.53231811523438,0.44278886914253235,-0.5157923102378845,-0.09506277740001678,0.997847318649292,459.4312906265259,226.30446910858154,-0.3678251802921295,-0.4839942753314972,-0.009876172058284283,0.9884511232376099,279.46296215057373,220.84752559661865,0.6626186370849609,-0.5063632130622864,-0.08265925198793411,0.9972004890441895,510.9672546386719,218.85173320770264,-0.6121058464050293,-0.5393921136856079,-0.11997000128030777,0.9802796244621277,225.32394647598267,215.18394470214844,0.7154405117034912,-0.5252946615219116,-0.07052666693925858,0.9928948283195496,526.16623878479,219.22179222106934,-0.6432642340660095,-0.5662904977798462,-0.15426599979400635,0.9562498331069946,209.76303577423096,213.32005977630615,0.706821620464325,-0.5290883779525757,-0.11113620549440384,0.9937059283256531,528.5440063476562,217.8096055984497,-0.6208074688911438,-0.6087118983268738,-0.18672437965869904,0.9592617154121399,208.27434539794922,212.37626552581787,0.6748106479644775,-0.4881875813007355,-0.10295356065034866,0.992415189743042,522.828369140625,218.49670886993408,-0.6150907874107361,-0.5511247515678406,-0.1408594399690628,0.9665330648422241,213.95062923431396,214.15027141571045,0.10022365301847458,0.012579888105392456,0.01446227915585041,0.9998583197593689,385.9652853012085,336.2809467315674,-0.09821668267250061,-0.017504263669252396,-0.011898058466613293,0.9998676180839539,346.40759468078613,332.42237091064453,0.3804040849208832,0.28275346755981445,-0.04735354706645012,0.9725981950759888,450.99409103393555,389.9271297454834,-0.40344685316085815,-0.009365971200168133,-0.158869206905365,0.9927154183387756,266.043484210968,347.7397155761719,0.6829332113265991,0.4968883991241455,0.057175420224666595,0.9644537568092346,514.9046087265015,435.44958114624023,-0.4484330713748932,0.39905020594596863,-0.018843023106455803,0.9358556270599365,260.5466079711914,431.3899040222168,0.6913540959358215,0.5136409401893616,0.06890583783388138,0.8116182684898376,519.6813869476318,444.4303607940674,-0.4530978202819824,0.43298742175102234,-0.04311380535364151,0.8717763423919678,268.0774140357971,445.7256603240967,0.7108070850372314,0.4735708236694336,0.009147176519036293,0.9353354573249817,525.9100770950317,446.9151306152344,-0.5202398300170898,0.4404100179672241,-0.07716106623411179,0.8988224267959595,227.74256944656372,445.5868721008301
48,0.2,-0.12156739830970764,-0.6056303977966309,-0.20341895520687103,0.9998620748519897,339.8200035095215,198.9336919784546,-0.09717084467411041,-0.6199949383735657,-0.21360936760902405,0.9990124702453613,342.7482032775879,192.2234058380127,-0.0966770276427269,-0.62107914686203,-0.20868417620658875,0.9989227056503296,345.49933433532715,191.88726425170898,-0.09771709889173508,-0.6233325004577637,-0.21047808229923248,0.9990261793136597,348.0461025238037,191.57546997070312,-0.10450941324234009,-0.6314867734909058,-0.21203014254570007,0.9992663264274597,341.02171897888184,192.3737096786499,-0.10260005295276642,-0.6314595937728882,-0.22011055052280426,0.9993835091590881,341.29794359207153,192.23220348358154,-0.09890107065439224,-0.619443416595459,-0.20195703208446503,0.9994374513626099,341.63225412368774,192.00157642364502,0.013946033082902431,-0.5927610993385315,-0.19427455961704254,0.9993464946746826,360.2130317687988,192.6092004776001,-0.05312046408653259,-0.5603285431861877,-0.10187332332134247,0.9992897510528564,352.50792503356934,193.13076496124268,-0.05983034893870354,-0.5884093642234802,-0.1877603530883789,0.99965500831604,346.0089111328125,205.4628610610962,-0.07731082290410995,-0.5560587644577026,-0.18894748389720917,0.9995315074920654,343.46508264541626,205.664963722229,0.18823330104351044,-0.47023338079452515,-0.06453776359558105,0.9998318552970886,400.5811357498169,223.64107131958008,-0.11127419024705887,-0.5303642153739929,0.024542784318327904,0.9996991157531738,335.571084022522,229.85910415649414,0.44302675127983093,-0.5159398913383484,-0.09498723596334457,0.9978737831115723,456.9268798828125,226.77865505218506,-0.3677752614021301,-0.4841305911540985,-0.009966232813894749,0.9884107112884521,277.1994996070862,221.2001609802246,0.6628308296203613,-0.5063597559928894,-0.08243715018033981,0.9972444772720337,508.5454559326172,219.20428276062012,-0.6119815111160278,-0.5393929481506348,-0.11997515708208084,0.9798696637153625,223.2308578491211,215.4482889175415,0.7156396508216858,-0.5252808332443237,-0.07026815414428711,0.9929848909378052,523.6610555648804,219.5918083190918,-0.6431130170822144,-0.5662506222724915,-0.15424224734306335,0.9552631378173828,207.78568983078003,213.73510837554932,0.7070441842079163,-0.5290651917457581,-0.11090406775474548,0.9937903881072998,526.112380027771,218.165602684021,-0.6206120252609253,-0.6085969805717468,-0.18666264414787292,0.9583327770233154,206.19983911514282,212.72536754608154,0.6749804019927979,-0.4881696403026581,-0.1027112677693367,0.9925159811973572,520.4139518737793,218.83624076843262,-0.6149366497993469,-0.5511178970336914,-0.14085744321346283,0.9658238887786865,211.82069778442383,214.42129611968994,0.10022405534982681,0.012579688802361488,0.014471633359789848,0.9998601675033569,383.52906703948975,336.56344413757324,-0.09821466356515884,-0.017501724883913994,-0.011903954669833183,0.9998690485954285,344.00519371032715,332.70312309265137,0.3804115056991577,0.2829284071922302,-0.04732341319322586,0.9729516506195068,448.4752607345581,390.2950859069824,-0.4034248888492584,-0.009354154579341412,-0.15899346768856049,0.9928528070449829,263.83046865463257,347.9405879974365,0.6829301118850708,0.49705633521080017,0.05728324130177498,0.9649250507354736,512.3558235168457,435.818452835083,-0.44826582074165344,0.399433434009552,-0.019168540835380554,0.9370718002319336,258.51767778396606,432.06427574157715,0.6913500428199768,0.5137782096862793,0.06903207302093506,0.8126347064971924,517.4416351318359,444.8268127441406,-0.4528820216655731,0.43345028162002563,-0.04340805858373642,0.8733522891998291,266.1760926246643,446.50136947631836,0.7106557488441467,0.4738331139087677,0.009464888833463192,0.936176061630249,523.1574869155884,447.45946884155273,-0.5199871063232422,0.44131970405578613,-0.07736355811357498,0.9005913734436035,225.5670404434204,445.99310874938965
49,0.20416666666666666,-0.12135607749223709,-0.6052273511886597,-0.20352381467819214,0.999860405921936,337.82190799713135,199.61182594299316,-0.09703151881694794,-0.6197025775909424,-0.2137211710214615,0.9989997148513794,340.75034379959106,192.93753147125244,-0.09653128683567047,-0.6207883954048157,-0.20879396796226501,0.9989103078842163,343.51449966430664,192.58711338043213,-0.09756839275360107,-0.6230382919311523,-0.210587278008461,0.9990144371986389,346.02365255355835,192.25107192993164,-0.10437311977148056,-0.6310938000679016,-0.21213948726654053,0.9992558360099792,339.04297828674316,193.07772159576416,-0.10246125608682632,-0.631048858165741,-0.22022829949855804,0.9993749856948853,339.3635559082031,192.9334831237793,-0.09876757860183716,-0.6190330386161804,-0.20207339525222778,0.999428927898407,339.7665309906006,192.68528938293457,0.0140306381508708,-0.5927653312683105,-0.1944241225719452,0.9993412494659424,358.30231189727783,193.2231044769287,-0.0531083419919014,-0.5602307915687561,-0.10198214650154114,0.9992810487747192,350.80257654190063,193.72438430786133,-0.05960870534181595,-0.5882287621498108,-0.18786771595478058,0.999653160572052,344.0939426422119,206.0755205154419,-0.07712037116289139,-0.5557592511177063,-0.18904860317707062,0.9995278716087341,341.5963339805603,206.28252983093262,0.18847611546516418,-0.4704081416130066,-0.06438621133565903,0.9998335242271423,398.824782371521,224.05107021331787,-0.11108813434839249,-0.5304248332977295,0.02455059066414833,0.9996998310089111,333.78949642181396,230.1086139678955,0.44342273473739624,-0.5159556269645691,-0.09461580961942673,0.9978920221328735,455.20262718200684,227.3653507232666,-0.3676677644252777,-0.4841521382331848,-0.009883221238851547,0.9884580373764038,275.2664852142334,221.70865058898926,0.6629470586776733,-0.5063148140907288,-0.08211276680231094,0.9972936511039734,506.67850971221924,219.63453769683838,-0.6118214726448059,-0.5393781065940857,-0.11986621469259262,0.9801303744316101,221.18598461151123,215.74610710144043,0.7156978249549866,-0.5252211689949036,-0.07000812888145447,0.993098258972168,521.8187856674194,220.09204387664795,-0.6429445743560791,-0.566203773021698,-0.15414762496948242,0.955816388130188,205.7682180404663,214.0348720550537,0.7070736289024353,-0.5290178060531616,-0.11060814559459686,0.9938931465148926,524.1847515106201,218.62539768218994,-0.6204233765602112,-0.6085091233253479,-0.18655283749103546,0.9588606953620911,204.2966079711914,213.0666160583496,0.6750447154045105,-0.4881129264831543,-0.10236773639917374,0.9926332831382751,518.5413408279419,219.23433780670166,-0.6147728562355042,-0.5510913133621216,-0.140740767121315,0.9662187695503235,209.94325876235962,214.76426124572754,0.10022418200969696,0.012582921423017979,0.014477497898042202,0.9998583197593689,381.596417427063,336.9474792480469,-0.0982130840420723,-0.017502624541521072,-0.01190840546041727,0.9998672008514404,342.04705238342285,333.02361488342285,0.38040971755981445,0.2829359769821167,-0.047305215150117874,0.9729400277137756,446.622519493103,390.69457054138184,-0.40342602133750916,-0.009350912645459175,-0.15894348919391632,0.992874026298523,262.116322517395,348.26056480407715,0.6829188466072083,0.49726301431655884,0.05730030685663223,0.9646898508071899,510.5085754394531,436.4432144165039,-0.4482935070991516,0.39963266253471375,-0.019331036135554314,0.9367702603340149,256.832799911499,432.73916244506836,0.6913390159606934,0.5139984488487244,0.06904705613851547,0.8112400770187378,515.655927658081,445.42236328125,-0.45291414856910706,0.4336976110935211,-0.0435916930437088,0.8725435137748718,264.5025658607483,447.21582412719727,0.7106117606163025,0.4741489887237549,0.009556759148836136,0.9356491565704346,521.5049457550049,447.8623294830322,-0.5200268626213074,0.441719651222229,-0.07742446660995483,0.9000426530838013,223.6491322517395,446.61349296569824
50,0.20833333333333334,-0.12079890072345734,-0.6051764488220215,-0.20349085330963135,0.999863862991333,335.8117961883545,200.31376361846924,-0.09673941880464554,-0.619668185710907,-0.21365728974342346,0.9990266561508179,338.6911368370056,193.71498584747314,-0.0962318629026413,-0.620751142501831,-0.2087245136499405,0.9989399909973145,341.37386083602905,193.32571506500244,-0.09726301580667496,-0.6230027675628662,-0.21052207052707672,0.9990413784980774,343.9514422416687,192.91537284851074,-0.10411003977060318,-0.6310684680938721,-0.21212390065193176,0.9992755651473999,337.0099711418152,193.88663291931152,-0.10219961404800415,-0.6310281157493591,-0.2202172726392746,0.9993904829025269,337.2978901863098,193.79014492034912,-0.09851839393377304,-0.6190103888511658,-0.20206192135810852,0.9994426369667053,337.6440668106079,193.58908653259277,0.014156344346702099,-0.5928539633750916,-0.19420704245567322,0.9993581771850586,356.25627994537354,193.74763011932373,-0.05310581997036934,-0.560163140296936,-0.10196315497159958,0.9992958903312683,348.4366536140442,194.49005126953125,-0.058976538479328156,-0.5882031321525574,-0.18778477609157562,0.9996605515480042,342.1598553657532,206.6821002960205,-0.07662568241357803,-0.5557369589805603,-0.1890099197626114,0.9995362758636475,339.73867893218994,206.93548679351807,0.18883240222930908,-0.4704999327659607,-0.064171202480793,0.9998371005058289,396.9192123413086,224.62002754211426,-0.11054429411888123,-0.5304288268089294,0.024669744074344635,0.9997036457061768,331.7483139038086,230.70666790008545,0.4437497556209564,-0.5160031318664551,-0.09441426396369934,0.9979071021080017,453.32250595092773,228.1166410446167,-0.3673766553401947,-0.48418503999710083,-0.009702418930828571,0.9884312152862549,273.2122564315796,222.51673221588135,0.6631225943565369,-0.5063039064407349,-0.08168212324380875,0.9973117113113403,504.81598377227783,220.2992820739746,-0.6116632223129272,-0.5393065810203552,-0.1194966584444046,0.980056881904602,218.9192819595337,216.3675355911255,0.7158218026161194,-0.525199294090271,-0.06950138509273529,0.9931351542472839,519.8632192611694,220.78186511993408,-0.6428478360176086,-0.5660051703453064,-0.15373922884464264,0.9556586146354675,203.6721897125244,214.8312520980835,0.707209587097168,-0.5290002226829529,-0.11011222749948502,0.9939278960227966,522.2209024429321,219.33118343353271,-0.6203382015228271,-0.6081560254096985,-0.18613778054714203,0.9586890935897827,202.1213150024414,213.7134075164795,0.6751812100410461,-0.4880965054035187,-0.10191842913627625,0.9926799535751343,516.6308784484863,219.9095106124878,-0.6146395206451416,-0.550974428653717,-0.14036959409713745,0.9661052823066711,207.6752257347107,215.2951955795288,0.10021965205669403,0.012583325617015362,0.014477533288300037,0.9998608827590942,379.4106960296631,337.6516342163086,-0.09820282459259033,-0.01750156469643116,-0.011907615698873997,0.9998694062232971,340.05683183670044,333.53121757507324,0.3803986608982086,0.2829413414001465,-0.04728620871901512,0.9734238386154175,444.36431407928467,391.28408432006836,-0.4033547639846802,-0.00918208435177803,-0.15891923010349274,0.9930312037467957,260.1469373703003,348.911075592041,0.6828894019126892,0.4972999393939972,0.0572998933494091,0.9654301404953003,508.4613847732544,437.0885753631592,-0.44798216223716736,0.39977383613586426,-0.01945118047297001,0.9380784034729004,255.02503395080566,433.504056930542,0.6913163661956787,0.5140253901481628,0.06904742866754532,0.8140180110931396,513.6887311935425,446.11684799194336,-0.45255711674690247,0.4338422417640686,-0.0437149740755558,0.874757707118988,262.82352447509766,448.0053234100342,0.7106093168258667,0.47418659925460815,0.009632849134504795,0.9368721842765808,519.5631122589111,448.66209983825684,-0.5198537707328796,0.44192492961883545,-0.07740997523069382,0.9019232392311096,221.87743663787842,447.3306083679199
51,0.2125,-0.12045829743146896,-0.605036735534668,-0.20349302887916565,0.9998680353164673,333.92757654190063,201.22954845428467,-0.09652668237686157,-0.619573175907135,-0.21366289258003235,0.9990581274032593,336.7911887168884,194.66867923736572,-0.09600497037172318,-0.6206601858139038,-0.2087240219116211,0.9989739060401917,339.4860577583313,194.2519998550415,-0.09703265875577927,-0.6229063868522644,-0.2105240672826767,0.9990721344947815,342.0888948440552,193.81154537200928,-0.1039186343550682,-0.63089919090271,-0.21214395761489868,0.9992992281913757,335.14171600341797,194.83642101287842,-0.10201136022806168,-0.630847156047821,-0.22024032473564148,0.999409556388855,335.42182445526123,194.75536823272705,-0.0983433648943901,-0.6188309788703918,-0.20208333432674408,0.9994597434997559,335.7461142539978,194.55937385559082,0.014285383746027946,-0.5928625464439392,-0.19407935440540314,0.9993774890899658,354.46338415145874,194.6116304397583,-0.053108349442481995,-0.5600536465644836,-0.10190146416425705,0.9993153810501099,346.67791843414307,195.40510654449463,-0.058609411120414734,-0.5881445407867432,-0.1877378523349762,0.9996688365936279,340.2272701263428,207.538104057312,-0.07636527717113495,-0.5555791258811951,-0.1889672428369522,0.9995468854904175,337.7911591529846,207.84988403320312,0.18901613354682922,-0.4705580174922943,-0.06385085731744766,0.9998403787612915,395.00741958618164,225.4108428955078,-0.11023493856191635,-0.5304290056228638,0.02495909482240677,0.9997081160545349,329.80090141296387,231.42728805541992,0.44394078850746155,-0.5160152316093445,-0.09391351789236069,0.9979079961776733,451.6089391708374,229.06883239746094,-0.36716070771217346,-0.4841819703578949,-0.009336249902844429,0.9883456230163574,271.2318420410156,223.47663402557373,0.6632576584815979,-0.5062431693077087,-0.08080652356147766,0.9973207712173462,503.2571268081665,221.1266040802002,-0.6114920377731323,-0.5391108393669128,-0.1189516931772232,0.9799554944038391,216.93180799484253,217.24515438079834,0.7159299254417419,-0.5251147150993347,-0.06858712434768677,0.9931561350822449,518.3874034881592,221.6744899749756,-0.64271479845047,-0.5656641721725464,-0.15311388671398163,0.955495297908783,201.79674625396729,215.8180332183838,0.7073194980621338,-0.5288907885551453,-0.10915365815162659,0.9939471483230591,520.8280849456787,220.18422603607178,-0.6202015280723572,-0.6076025366783142,-0.185502290725708,0.9585217237472534,200.23544311523438,214.5860481262207,0.675285279750824,-0.48801156878471375,-0.10099460184574127,0.992703378200531,515.14892578125,220.7256031036377,-0.614490807056427,-0.5507112741470337,-0.13981948792934418,0.9659842252731323,205.7113552093506,216.07614040374756,0.10021203011274338,0.012589682824909687,0.01447310484945774,0.999863862991333,377.55271911621094,338.40402603149414,-0.0981888398528099,-0.017502911388874054,-0.011900552548468113,0.9998722076416016,338.1635355949402,334.3153953552246,0.38035959005355835,0.2829572260379791,-0.04729491099715233,0.9739002585411072,442.4285316467285,392.180757522583,-0.40329691767692566,-0.009224513545632362,-0.1588606834411621,0.9931479692459106,258.3416819572449,349.63574409484863,0.6827372908592224,0.49731606245040894,0.0572967454791069,0.9660120606422424,506.556715965271,437.80863761901855,-0.44787004590034485,0.399813711643219,-0.019552990794181824,0.9393972158432007,253.17445993423462,434.5620059967041,0.6911606788635254,0.5140489935874939,0.06904599815607071,0.8163014650344849,512.0048189163208,446.9526958465576,-0.452440470457077,0.43390923738479614,-0.04383383318781853,0.8770239949226379,261.1805748939514,449.19453620910645,0.7104412913322449,0.4742502272129059,0.0097206337377429,0.937947154045105,517.4933481216431,449.8034477233887,-0.5199008584022522,0.4420778751373291,-0.07739861309528351,0.9039507508277893,220.092351436615,448.20825576782227
52,0.21666666666666667,-0.12015165388584137,-0.6050868034362793,-0.20343811810016632,0.999870777130127,331.8963289260864,202.59934902191162,-0.0964045524597168,-0.6196452379226685,-0.21352700889110565,0.9990793466567993,334.7067904472351,196.11099243164062,-0.09588035196065903,-0.6207308769226074,-0.20858854055404663,0.9989978075027466,337.2774624824524,195.6955862045288,-0.09690076112747192,-0.622978150844574,-0.21038462221622467,0.9990929365158081,339.9139451980591,195.19178867340088,-0.1038326621055603,-0.6309183835983276,-0.21208317577838898,0.9993143081665039,333.10632705688477,196.2709093093872,-0.10192524641752243,-0.630864143371582,-0.2201784998178482,0.9994214773178101,333.3699345588684,196.2339448928833,-0.0982649102807045,-0.6188437938690186,-0.20202670991420746,0.9994694590568542,333.65238189697266,196.09153747558594,0.014327635057270527,-0.5931555032730103,-0.19358044862747192,0.9993909597396851,352.2150921821594,195.740704536438,-0.05315997451543808,-0.560054361820221,-0.10178425163030624,0.9993257522583008,344.40866231918335,196.79832458496094,-0.05822555348277092,-0.588256299495697,-0.1875866949558258,0.9996739625930786,338.3273220062256,208.88733386993408,-0.0761166363954544,-0.555610716342926,-0.18889173865318298,0.9995520710945129,335.94783782958984,209.27683353424072,0.18914318084716797,-0.47089269757270813,-0.06337389349937439,0.9998422265052795,393.19008350372314,226.9219207763672,-0.10994721949100494,-0.5305187702178955,0.025165555998682976,0.999707818031311,327.58835792541504,232.79067993164062,0.44411683082580566,-0.51632159948349,-0.09338302910327911,0.9979156851768494,449.7445249557495,230.39048194885254,-0.36702126264572144,-0.4843295216560364,-0.009121311828494072,0.9882870316505432,269.2837429046631,224.97831344604492,0.6635308861732483,-0.5063811540603638,-0.07987775653600693,0.9973276853561401,501.5506839752197,222.510666847229,-0.6114936470985413,-0.539128303527832,-0.11862845718860626,0.9798321723937988,214.91538763046265,218.38072299957275,0.7162380218505859,-0.5252858400344849,-0.06757603585720062,0.9931691884994507,516.5931558609009,222.92871952056885,-0.6427472829818726,-0.5656681656837463,-0.1527615189552307,0.9552705883979797,199.82912063598633,217.09919929504395,0.7076399922370911,-0.5290594100952148,-0.10812898725271225,0.9939623475074768,518.9954710006714,221.49423122406006,-0.6202792525291443,-0.6076125502586365,-0.18513312935829163,0.9583019614219666,198.20125579833984,215.77650547027588,0.6755356192588806,-0.488139271736145,-0.10005875676870346,0.9927346706390381,513.4130430221558,222.08487510681152,-0.6145200133323669,-0.5507247447967529,-0.13948839902877808,0.9658273458480835,203.5945987701416,217.18358516693115,0.10021047294139862,0.01258930191397667,0.014482082799077034,0.999862015247345,375.4567766189575,339.94428634643555,-0.09818332642316818,-0.017501160502433777,-0.011908115819096565,0.999870240688324,336.1280822753906,335.6483459472656,0.38037213683128357,0.28294113278388977,-0.04720108583569527,0.9739293456077576,440.4917621612549,393.4243869781494,-0.4033467173576355,-0.009224585257470608,-0.15886817872524261,0.9932068586349487,256.27127408981323,350.9545612335205,0.6827419400215149,0.4973098039627075,0.05728858709335327,0.9659096598625183,504.6473693847656,439.35009956359863,-0.44802239537239075,0.3997957110404968,-0.019576359540224075,0.9390528202056885,250.79671382904053,435.6954860687256,0.6911695599555969,0.5140461325645447,0.06903693079948425,0.8165327310562134,510.07586002349854,448.3981704711914,-0.45256632566452026,0.4338870048522949,-0.04385166987776756,0.8764402866363525,258.61406564712524,450.14110565185547,0.7105166912078857,0.4742448925971985,0.009762512519955635,0.937678337097168,515.6611204147339,451.0209560394287,-0.519956111907959,0.4420778751373291,-0.07732836902141571,0.9031170010566711,217.27944374084473,449.6103286743164
53,0.22083333333333333,-0.1200474351644516,-0.6049319505691528,-0.2036866396665573,0.9998757839202881,329.9713182449341,204.18281078338623,-0.0963500589132309,-0.6195418238639832,-0.21385405957698822,0.9991157054901123,332.7810072898865,197.77781009674072,-0.09582366049289703,-0.6206265091896057,-0.20890605449676514,0.9990370869636536,335.364511013031,197.35702514648438,-0.09684298187494278,-0.622874915599823,-0.21070653200149536,0.9991277456283569,337.9700303077698,196.85972213745117,-0.10379141569137573,-0.6307463049888611,-0.21241384744644165,0.9993415474891663,331.1947274208069,197.92848587036133,-0.10187850147485733,-0.6306837797164917,-0.2205081433057785,0.999444305896759,331.4596652984619,197.8910779953003,-0.09822554886341095,-0.6186639070510864,-0.2023451179265976,0.9994899034500122,331.7254614830017,197.74137496948242,0.014373848214745522,-0.5931580066680908,-0.19377699494361877,0.9994127154350281,350.26392459869385,197.41992473602295,-0.05316340923309326,-0.5599413514137268,-0.10199657082557678,0.9993504881858826,342.6161742210388,198.44853401184082,-0.05809035897254944,-0.5881807804107666,-0.18775439262390137,0.9996845126152039,336.34572744369507,210.4511547088623,-0.07600490748882294,-0.5554414987564087,-0.18906016647815704,0.9995665550231934,333.8609290122986,210.93682765960693,0.1893056333065033,-0.47098663449287415,-0.06343472003936768,0.9998463988304138,391.4181089401245,228.2728672027588,-0.10966536402702332,-0.5305257439613342,0.025086097419261932,0.9997149109840393,325.70546865463257,234.30543422698975,0.44420263171195984,-0.5163322687149048,-0.09347647428512573,0.9979363679885864,447.9631519317627,231.90669536590576,-0.3668285608291626,-0.48440539836883545,-0.009165761061012745,0.9884008169174194,267.55221605300903,226.44975185394287,0.6635749340057373,-0.5062304139137268,-0.08001435548067093,0.9973538517951965,499.6282911300659,224.01130199432373,-0.6113247275352478,-0.5391079783439636,-0.11867901682853699,0.9798959493637085,213.39592695236206,219.8756504058838,0.7162767648696899,-0.5250325202941895,-0.06774873286485672,0.9932228922843933,514.5242500305176,224.457049369812,-0.642583429813385,-0.5655409693717957,-0.15280041098594666,0.9552710056304932,198.27674388885498,218.7108564376831,0.707694411277771,-0.528770923614502,-0.10829254984855652,0.9940119385719299,517.0154857635498,223.00984382629395,-0.6200863122940063,-0.6073746681213379,-0.18517692387104034,0.9583016633987427,196.59128665924072,217.3899221420288,0.675568163394928,-0.4879387319087982,-0.10021652281284332,0.9927895665168762,511.4752006530762,223.61648082733154,-0.6143367290496826,-0.5506746768951416,-0.1395433098077774,0.9658297896385193,201.98415756225586,218.7327003479004,0.10021062195301056,0.012592012993991375,0.014485075138509274,0.9998652338981628,373.76659870147705,341.26233100891113,-0.09818186610937119,-0.017501087859272957,-0.011910060420632362,0.9998734593391418,334.36115026474,337.0279026031494,0.3803567886352539,0.283282071352005,-0.04717615246772766,0.9742336869239807,438.6579465866089,394.923791885376,-0.4033478796482086,-0.009197224862873554,-0.15883465111255646,0.9933297038078308,254.50869798660278,352.4044704437256,0.6826992034912109,0.4976828396320343,0.05746530368924141,0.9663537740707397,502.6342964172363,440.6082057952881,-0.4480154812335968,0.400251179933548,-0.01975797675549984,0.9402995109558105,249.14142608642578,437.50828742980957,0.6911263465881348,0.5143829584121704,0.06923428922891617,0.8177148103713989,508.1098222732544,449.70871925354004,-0.4525490403175354,0.4344247877597809,-0.044049981981515884,0.8780148029327393,256.99042797088623,451.862096786499,0.7104310989379883,0.47472402453422546,0.010126619599759579,0.9386190176010132,513.732419013977,452.6840400695801,-0.5198899507522583,0.4429101347923279,-0.0775698870420456,0.9051836729049683,215.78950881958008,450.9902286529541
54,0.225,-0.11952408403158188,-0.6049054861068726,-0.20361387729644775,0.9998782873153687,327.63891220092773,206.04360580444336,-0.09613852947950363,-0.6195412278175354,-0.21378767490386963,0.9991334080696106,330.5155277252197,199.69027519226074,-0.0956101045012474,-0.6206222772598267,-0.20883765816688538,0.9990577697753906,332.98401832580566,199.23254013061523,-0.09662553668022156,-0.6228721737861633,-0.21063955128192902,0.9991459250450134,335.5872845649719,198.67053508758545,-0.10356807708740234,-0.6307163238525391,-0.21241246163845062,0.9993542432785034,328.978750705719,199.85731601715088,-0.10165168344974518,-0.6306565403938293,-0.220514178276062,0.9994550347328186,329.2832565307617,199.83952045440674,-0.09800378978252411,-0.6186326742172241,-0.2023501992225647,0.9994989037513733,329.59460735321045,199.70961570739746,0.014379052445292473,-0.5934027433395386,-0.19375339150428772,0.9994270205497742,347.89066314697266,199.107027053833,-0.05316274240612984,-0.559921145439148,-0.10210543870925903,0.9993619918823242,340.43420791625977,200.3289270401001,-0.0575396791100502,-0.5882161259651184,-0.18766671419143677,0.999691367149353,334.0350580215454,212.23249912261963,-0.07546797394752502,-0.5554218292236328,-0.18904736638069153,0.9995744228363037,331.6981887817383,212.71571159362793,0.18957558274269104,-0.47130581736564636,-0.0634390190243721,0.9998504519462585,389.1618776321411,229.87934589385986,-0.10921811312437057,-0.530613899230957,0.025039067491889,0.9997199177742004,323.33087682724,235.9286069869995,0.4445531964302063,-0.5164710283279419,-0.09354334324598312,0.997968852519989,445.80146312713623,233.71469020843506,-0.36657512187957764,-0.48455187678337097,-0.00920706707984209,0.9885092973709106,265.1682686805725,228.25196743011475,0.6638069748878479,-0.5062434673309326,-0.08012261241674423,0.9973879456520081,497.465443611145,225.78250408172607,-0.6112154126167297,-0.5390966534614563,-0.11864166706800461,0.980091392993927,210.9536361694336,221.6114044189453,0.716457188129425,-0.525035560131073,-0.06783702969551086,0.9932973384857178,512.4327278137207,226.24441623687744,-0.642523467540741,-0.5654321312904358,-0.1527266502380371,0.9556962251663208,195.8371138572693,220.66416263580322,0.7078825831413269,-0.5287855267524719,-0.1083904430270195,0.9940788149833679,514.9537467956543,224.79556560516357,-0.6200813055038452,-0.6071948409080505,-0.18511059880256653,0.9586859345436096,194.16107654571533,219.1519832611084,0.6757633090019226,-0.48795086145401,-0.10033223032951355,0.9928730130195618,509.33775901794434,225.3407621383667,-0.6142651438713074,-0.5506454706192017,-0.13951000571250916,0.966136634349823,199.50918674468994,220.39265155792236,0.100205197930336,0.012591861188411713,0.014488008804619312,0.9998670816421509,371.33209705352783,343.16691398620605,-0.09817049652338028,-0.017499446868896484,-0.011912740767002106,0.9998749494552612,332.1712017059326,338.81235122680664,0.38036221265792847,0.2832898199558258,-0.04709118232131004,0.9746779799461365,436.3672971725464,396.66263580322266,-0.4031919240951538,-0.009176114574074745,-0.15875643491744995,0.9934586882591248,252.22862720489502,354.0881824493408,0.6826984286308289,0.4977882504463196,0.05760379135608673,0.9667789340019226,500.3661775588989,442.206974029541,-0.4479867219924927,0.40029552578926086,-0.01971425488591194,0.9410691261291504,246.7476511001587,439.1172695159912,0.6911281943321228,0.5144860744476318,0.06939895451068878,0.8196502327919006,505.5841255187988,451.30528450012207,-0.4525192081928253,0.43447497487068176,-0.04401655122637749,0.8791887760162354,254.4344973564148,453.4157180786133,0.7106257081031799,0.47484061121940613,0.01080628763884306,0.9392969608306885,512.0630979537964,454.3088722229004,-0.5198512077331543,0.4430091977119446,-0.07747547328472137,0.9062231779098511,213.85018587112427,452.6554298400879
55,0.22916666666666666,-0.11951114237308502,-0.6048818826675415,-0.20362398028373718,0.9998825192451477,325.9175777435303,207.33846187591553,-0.09613292664289474,-0.6195163726806641,-0.2138354778289795,0.999163806438446,328.808376789093,201.0135555267334,-0.09560365229845047,-0.6205949783325195,-0.20888325572013855,0.9990894198417664,331.2754511833191,200.55974006652832,-0.09661970287561417,-0.6228467226028442,-0.21068799495697021,0.9991745352745056,333.85942697525024,200.0203800201416,-0.10356021672487259,-0.6307046413421631,-0.21245966851711273,0.9993781447410583,327.27930307388306,201.16322994232178,-0.10164325684309006,-0.6306411027908325,-0.2205652892589569,0.9994749426841736,327.5846242904663,201.12094402313232,-0.09799636155366898,-0.6186199188232422,-0.20239882171154022,0.9995175004005432,327.8869414329529,200.96370220184326,0.014371362514793873,-0.5934574007987976,-0.19385507702827454,0.9994434118270874,346.18685960769653,200.4900026321411,-0.0531667061150074,-0.5599159598350525,-0.10217277705669403,0.9993842840194702,338.8026523590088,201.64860248565674,-0.05752779170870781,-0.5881876349449158,-0.18768641352653503,0.999700129032135,332.19780921936035,213.50347995758057,-0.0754421055316925,-0.555406928062439,-0.189056858420372,0.9995874762535095,329.84381675720215,213.96868228912354,0.18959824740886688,-0.4714791774749756,-0.0633949413895607,0.9998531937599182,387.24502086639404,231.03408336639404,-0.1090330183506012,-0.5306549072265625,0.02499215677380562,0.9997269511222839,321.7276883125305,237.06303119659424,0.4446370005607605,-0.5165452361106873,-0.093543641269207,0.9979705214500427,443.9779043197632,234.77558612823486,-0.366511732339859,-0.48462462425231934,-0.009272442199289799,0.9886741042137146,263.4510111808777,229.43345546722412,0.6638799905776978,-0.5062131285667419,-0.08021829277276993,0.9974119067192078,495.7944059371948,226.93862915039062,-0.6111672520637512,-0.5390926003456116,-0.11869201809167862,0.9805295467376709,209.33289527893066,222.71873474121094,0.716522216796875,-0.5249598622322083,-0.06791097670793533,0.9933525919914246,510.76220512390137,227.51227855682373,-0.6424973011016846,-0.5653865933418274,-0.15276303887367249,0.9565397500991821,194.01123762130737,221.80438041687012,0.7079412341117859,-0.5286855697631836,-0.10847653448581696,0.9941264986991882,513.1368827819824,225.8937120437622,-0.6200025677680969,-0.6070624589920044,-0.18514522910118103,0.959458589553833,192.34389066696167,220.306134223938,0.6758124828338623,-0.4878979027271271,-0.10042382031679153,0.9929232001304626,507.67646312713623,226.4479637145996,-0.6142086386680603,-0.5506213307380676,-0.13956113159656525,0.9667133688926697,197.7851915359497,221.56371116638184,0.100197434425354,0.012591894716024399,0.014492684975266457,0.999870240688324,370.04987239837646,344.395694732666,-0.09815715253353119,-0.017497537657618523,-0.011915748938918114,0.9998781681060791,330.64987421035767,340.1564598083496,0.38034459948539734,0.2832950949668884,-0.047093428671360016,0.9751271605491638,434.63892459869385,397.759952545166,-0.403182715177536,-0.009183607995510101,-0.1589149534702301,0.9935994744300842,250.633807182312,355.30574798583984,0.6825902462005615,0.4977952837944031,0.05761316791176796,0.9676206111907959,498.72689723968506,443.04179191589355,-0.44799569249153137,0.40031471848487854,-0.020030582323670387,0.9427175521850586,245.09126901626587,440.3952884674072,0.6910055875778198,0.5145013928413391,0.06940900534391403,0.8226913213729858,504.1529846191406,452.25062370300293,-0.45253440737724304,0.43450137972831726,-0.044335052371025085,0.881788432598114,252.91027307510376,454.37670707702637,0.710476815700531,0.47490164637565613,0.010840047150850296,0.9408578872680664,510.0437593460083,455.53945541381836,-0.5199035406112671,0.4430078864097595,-0.07781151682138443,0.9088619947433472,212.08327531814575,453.8558292388916
56,0.23333333333333334,-0.11952877044677734,-0.6047182083129883,-0.20369650423526764,0.9998852014541626,324.24761295318604,208.69633197784424,-0.09614247828722,-0.6194193363189697,-0.21388286352157593,0.9991807341575623,327.2504210472107,202.33862400054932,-0.09561526030302048,-0.6204989552497864,-0.20893056690692902,0.9991083145141602,329.76253509521484,201.90449237823486,-0.09663213044404984,-0.6227477192878723,-0.21073539555072784,0.9991899132728577,332.27471351623535,201.40368461608887,-0.1035720482468605,-0.6305915117263794,-0.21252305805683136,0.9993915557861328,325.70950269699097,202.45200634002686,-0.10165368020534515,-0.6305238604545593,-0.22063413262367249,0.9994874596595764,326.067910194397,202.37520217895508,-0.09800347685813904,-0.6185025572776794,-0.20246799290180206,0.9995284080505371,326.4473032951355,202.17583179473877,0.014360512606799603,-0.593467652797699,-0.19388337433338165,0.9994530081748962,344.70205307006836,201.9656467437744,-0.0531705841422081,-0.5599110722541809,-0.10225343704223633,0.9993983507156372,337.51763820648193,202.9288673400879,-0.05755573883652687,-0.588108479976654,-0.18776577711105347,0.9997051358222961,330.50119400024414,214.90845680236816,-0.07545160502195358,-0.5552969574928284,-0.18914036452770233,0.9995956420898438,328.1607413291931,215.30067443847656,0.18958421051502228,-0.4715442359447479,-0.06347683817148209,0.9998544454574585,385.5096960067749,232.30732440948486,-0.10903440415859222,-0.530694842338562,0.024938922375440598,0.9997314810752869,320.2369165420532,238.17160606384277,0.4446132183074951,-0.5165369510650635,-0.09364558756351471,0.9980002641677856,442.37085342407227,236.07675075531006,-0.3665228486061096,-0.484621524810791,-0.009328102692961693,0.9889087080955505,262.03173637390137,230.72050094604492,0.6639193892478943,-0.5061532855033875,-0.08033004403114319,0.9974793791770935,494.30760383605957,228.16401958465576,-0.6111863255500793,-0.5390872955322266,-0.11872310936450958,0.9811912775039673,207.70990133285522,223.924241065979,0.7165759801864624,-0.524872362613678,-0.06802938133478165,0.9935216307640076,509.41916942596436,228.73414993286133,-0.6425231695175171,-0.5653702020645142,-0.15280850231647491,0.957938551902771,192.12188959121704,222.83339023590088,0.7080125212669373,-0.5286256670951843,-0.10859376937150955,0.9942776560783386,511.7967224121094,227.1310329437256,-0.6200253367424011,-0.6070420145988464,-0.18518289923667908,0.9607861638069153,190.72282791137695,221.4305305480957,0.6758494973182678,-0.4878377616405487,-0.1005474179983139,0.9931015968322754,506.2221908569336,227.6603078842163,-0.6142299175262451,-0.5506100058555603,-0.13958494365215302,0.9677918553352356,196.3020372390747,222.8035068511963,0.1001935824751854,0.012594113126397133,0.01449191477149725,0.9998696446418762,368.87669563293457,345.5126953125,-0.09815067052841187,-0.017497604712843895,-0.011913358233869076,0.9998778700828552,329.3593454360962,341.4612007141113,0.38029971718788147,0.2833458185195923,-0.04728028550744057,0.9751923680305481,433.2137060165405,399.02217864990234,-0.40319007635116577,-0.009190401062369347,-0.15887147188186646,0.9935559034347534,249.22300815582275,356.5254020690918,0.6825711727142334,0.4979226887226105,0.05739389732480049,0.9674623012542725,497.5514030456543,444.43668365478516,-0.4480528235435486,0.4003136456012726,-0.020177291706204414,0.9427318572998047,243.527090549469,441.50304794311523,0.6909871101379395,0.5146192908287048,0.06917564570903778,0.8221423029899597,502.8434228897095,453.5903549194336,-0.45259249210357666,0.4344998896121979,-0.04454442858695984,0.8821072578430176,251.40413761138916,455.3708553314209,0.7102468609809875,0.4749535024166107,0.010650605894625187,0.9407947063446045,508.92555713653564,456.6664123535156,-0.5199679732322693,0.4428809881210327,-0.07796372473239899,0.9091803431510925,209.5474076271057,454.8999881744385
57,0.2375,-0.11956153810024261,-0.6046869158744812,-0.20375190675258636,0.999884843826294,322.60101556777954,209.99818325042725,-0.09615273028612137,-0.6193923950195312,-0.21394023299217224,0.9991757273674011,325.58618545532227,203.63802909851074,-0.09562711417675018,-0.6204697489738464,-0.20898666977882385,0.9991043210029602,328.1232976913452,203.21635723114014,-0.0966443419456482,-0.6227201223373413,-0.21079321205615997,0.9991856217384338,330.61882495880127,202.74560451507568,-0.10358501225709915,-0.6305720210075378,-0.21258626878261566,0.9993866086006165,324.01357412338257,203.76495838165283,-0.10166528820991516,-0.6305078864097595,-0.22070370614528656,0.9994839429855347,324.3559527397156,203.6773681640625,-0.0980125442147255,-0.6184864044189453,-0.20253637433052063,0.9995242357254028,324.7122573852539,203.46430778503418,0.01437320839613676,-0.5935126543045044,-0.19399818778038025,0.9994515180587769,343.026123046875,203.39910507202148,-0.05317364260554314,-0.5599093437194824,-0.10232745110988617,0.9993930459022522,335.8004665374756,204.29490566253662,-0.05759371444582939,-0.5880799889564514,-0.18783925473690033,0.9997037053108215,328.787841796875,216.24614238739014,-0.07547144591808319,-0.5552785396575928,-0.18921685218811035,0.9995931386947632,326.33269786834717,216.64575576782227,0.18961098790168762,-0.47161349654197693,-0.06355324387550354,0.9998538494110107,383.7283658981323,233.59156608581543,-0.10902740806341171,-0.5307491421699524,0.024921564385294914,0.9997293949127197,318.608922958374,239.5749807357788,0.4446971118450165,-0.5165880918502808,-0.09374410659074783,0.9980193972587585,440.7393407821655,237.28310108184814,-0.3665332794189453,-0.48467740416526794,-0.009344441816210747,0.988954484462738,260.47757863998413,231.9469928741455,0.6641186475753784,-0.5062161087989807,-0.08047959208488464,0.9975069165229797,492.88350105285645,229.436616897583,-0.6111875176429749,-0.5391113758087158,-0.11874739825725555,0.9812024831771851,206.19760751724243,225.22517681121826,0.7167789936065674,-0.5249639749526978,-0.06818734109401703,0.9935845732688904,507.9932641983032,229.90739822387695,-0.6425210237503052,-0.5653783082962036,-0.15281543135643005,0.957962691783905,190.4048252105713,223.946270942688,0.7082542181015015,-0.5287296175956726,-0.10874281823635101,0.9943355321884155,510.40377616882324,228.33882808685303,-0.6200380921363831,-0.6070483922958374,-0.1851913332939148,0.9608229994773865,189.08786058425903,222.80958652496338,0.6760500073432922,-0.48790231347084045,-0.10070258378982544,0.9931750297546387,504.8375701904297,228.89216423034668,-0.614235520362854,-0.5506293773651123,-0.13961146771907806,0.9678536057472229,194.69457864761353,224.32129383087158,0.10019029676914215,0.012597803957760334,0.014487219974398613,0.999868631362915,366.94451808929443,346.9094181060791,-0.09814529120922089,-0.01749899797141552,-0.011906459927558899,0.9998767375946045,327.6210594177246,342.84799575805664,0.38024386763572693,0.2833509147167206,-0.04783226177096367,0.9751385450363159,431.64673805236816,400.3718376159668,-0.4032232463359833,-0.00921389739960432,-0.15861789882183075,0.9934804439544678,247.18680381774902,357.8051948547363,0.6825643181800842,0.4979349970817566,0.05686071142554283,0.9668583273887634,496.31033420562744,445.9299373626709,-0.4482763707637787,0.4003051519393921,-0.020156748592853546,0.9423416256904602,241.32797956466675,442.6750659942627,0.6909836530685425,0.5146381855010986,0.06864602118730545,0.8199805617332458,501.55531883239746,454.83936309814453,-0.4528345465660095,0.4344910979270935,-0.04456302523612976,0.8815014362335205,249.29450511932373,456.53368949890137,0.7100523114204407,0.4750019609928131,0.010238558985292912,0.93990159034729,507.59016036987305,457.68590927124023,-0.5201785564422607,0.44282323122024536,-0.07792758196592331,0.9086452722549438,207.0187497138977,455.7876205444336
58,0.24166666666666667,-0.11961290240287781,-0.6048781275749207,-0.20335653424263,0.9998819828033447,320.8859896659851,210.79153060913086,-0.09618562459945679,-0.6195774674415588,-0.21366137266159058,0.9991580843925476,324.06432151794434,204.35378551483154,-0.09565886110067368,-0.6206608414649963,-0.20871123671531677,0.9990840554237366,326.51886463165283,203.9588499069214,-0.09667467325925827,-0.6229089498519897,-0.21052467823028564,0.9991698265075684,328.92804622650146,203.53320121765137,-0.10359224677085876,-0.6307656168937683,-0.21220849454402924,0.9993727803230286,322.5714039802551,204.49594974517822,-0.10167350620031357,-0.6307084560394287,-0.22032088041305542,0.99947190284729,322.97043085098267,204.3966579437256,-0.09802412241697311,-0.6186798810958862,-0.20215922594070435,0.9995143413543701,323.4079313278198,204.18572902679443,0.01436558272689581,-0.5936046838760376,-0.1940905898809433,0.9994421005249023,341.2964415550232,204.23941612243652,-0.053108327090740204,-0.5599979162216187,-0.10208678245544434,0.9993810057640076,334.30696964263916,205.06855487823486,-0.057621780782938004,-0.5882043242454529,-0.18765562772750854,0.9996996521949768,326.9338345527649,217.04917430877686,-0.07548350840806961,-0.5554116368293762,-0.1888972520828247,0.9995872974395752,324.545681476593,217.43913173675537,0.1896040439605713,-0.4716230630874634,-0.06361063569784164,0.9998529553413391,382.0783567428589,234.63865756988525,-0.10898534953594208,-0.5307591557502747,0.025070304051041603,0.9997278451919556,316.9630765914917,240.73153495788574,0.4446790814399719,-0.5166292786598206,-0.09380368143320084,0.9979967474937439,438.8599920272827,238.2230043411255,-0.36654341220855713,-0.48475855588912964,-0.009062966331839561,0.9887745380401611,258.80765676498413,232.9137897491455,0.6640066504478455,-0.5062171816825867,-0.08054330945014954,0.9974506497383118,491.12736225128174,230.48465251922607,-0.6112068891525269,-0.5391834378242493,-0.11836691200733185,0.9808201789855957,204.78082180023193,226.2436580657959,0.7166728973388672,-0.5249617695808411,-0.06826960295438766,0.9934470653533936,506.09185695648193,231.03818893432617,-0.6425321698188782,-0.5654346346855164,-0.15230047702789307,0.9571890234947205,188.80193710327148,224.7846221923828,0.7081490159034729,-0.5287141799926758,-0.10885140299797058,0.9942037463188171,508.50829124450684,229.35102939605713,-0.6200613975524902,-0.6070736646652222,-0.18473130464553833,0.9600933194160461,187.49316930770874,223.8325595855713,0.6759262681007385,-0.4879024922847748,-0.10078759491443634,0.993012547492981,503.0830192565918,229.91286277770996,-0.6142613291740417,-0.5506905317306519,-0.13924537599086761,0.9672873616218567,193.11104536056519,225.43840885162354,0.10018601268529892,0.012599826790392399,0.014475371688604355,0.9998707175254822,365.5707120895386,347.96911239624023,-0.09813827276229858,-0.017498955130577087,-0.011892426759004593,0.9998786449432373,326.1649417877197,343.992862701416,0.3802245855331421,0.28339266777038574,-0.047858066856861115,0.9747178554534912,430.25988578796387,401.5661144256592,-0.40325239300727844,-0.009676997549831867,-0.15856559574604034,0.993371844291687,245.8954381942749,358.7469291687012,0.68255615234375,0.4979460537433624,0.05690572038292885,0.966458797454834,495.24131298065186,447.06132888793945,-0.4483005106449127,0.4001689851284027,-0.020103441551327705,0.9418046474456787,240.0660753250122,443.4879684448242,0.6909811496734619,0.5146509408950806,0.06871200352907181,0.8187986016273499,499.9187421798706,455.94446182250977,-0.45286592841148376,0.43437543511390686,-0.04451437667012215,0.8808750510215759,248.0281162261963,457.2641658782959,0.7100872993469238,0.47508519887924194,0.010345573537051678,0.9392504096031189,505.8274984359741,458.853063583374,-0.5202201008796692,0.4428209066390991,-0.07785870879888535,0.9078966379165649,205.79282999038696,456.7460632324219
59,0.24583333333333332,-0.11963566392660141,-0.6053710579872131,-0.20319698750972748,0.9998742938041687,319.46868896484375,211.19723796844482,-0.09619706124067307,-0.6199489831924438,-0.2135307639837265,0.9991050362586975,322.9990553855896,204.71679210662842,-0.09567171335220337,-0.6210314035415649,-0.20858506858348846,0.9990259408950806,325.4220986366272,204.36216831207275,-0.0966881811618805,-0.6232805252075195,-0.21039943397045135,0.9991189241409302,327.6774501800537,204.00006294250488,-0.103598952293396,-0.6311980485916138,-0.21203944087028503,0.9993340969085693,321.42627239227295,204.83832836151123,-0.1016787514090538,-0.6311568021774292,-0.22015514969825745,0.9994407892227173,321.93265199661255,204.7305393218994,-0.09802627563476562,-0.6191202998161316,-0.2019958645105362,0.9994878172874451,322.4946069717407,204.51351642608643,0.014357604086399078,-0.5936400890350342,-0.1941954791545868,0.9994139671325684,339.7889971733093,204.91581916809082,-0.052906569093465805,-0.5601497292518616,-0.10206453502178192,0.9993513226509094,333.1804418563843,205.5646276473999,-0.05765099450945854,-0.5884879231452942,-0.18763218820095062,0.999687135219574,325.5326271057129,217.57245540618896,-0.07550260424613953,-0.5557833909988403,-0.18883472681045532,0.9995709657669067,323.15054655075073,217.89795398712158,0.18959327042102814,-0.4716162085533142,-0.0636887401342392,0.999849259853363,380.83720207214355,235.49257278442383,-0.10897202044725418,-0.5307583808898926,0.025038447231054306,0.9997236728668213,315.32047033309937,241.81222915649414,0.44462668895721436,-0.5166617631912231,-0.09398051351308823,0.9979610443115234,437.4735689163208,238.92202377319336,-0.3665415048599243,-0.48471206426620483,-0.009109782986342907,0.9886602759361267,257.48886823654175,233.61990451812744,0.6638451218605042,-0.5062403678894043,-0.08065544068813324,0.9973458051681519,490.10820865631104,231.29835605621338,-0.6112344861030579,-0.5391843318939209,-0.11841202527284622,0.9805815815925598,203.56060981750488,227.2103977203369,0.7165511250495911,-0.5249904990196228,-0.06835509091615677,0.9931959509849548,505.03214836120605,231.87207698822021,-0.6425660848617554,-0.5654492974281311,-0.15233732759952545,0.9567357301712036,187.41748809814453,225.6212282180786,0.7080504298210144,-0.5287280082702637,-0.10891730338335037,0.9939708709716797,507.46235847473145,230.13658046722412,-0.6201151609420776,-0.6071071028709412,-0.18476499617099762,0.9596628546714783,186.11251831054688,224.76752758026123,0.6757844090461731,-0.48792341351509094,-0.10089622437953949,0.9927483797073364,502.06987380981445,230.73552131652832,-0.6142982244491577,-0.5506934523582458,-0.1392890214920044,0.9669303894042969,191.61475896835327,226.42714977264404,0.10018625110387802,0.012599644251167774,0.014476602897047997,0.999872088432312,364.3468952178955,348.71872901916504,-0.09813778847455978,-0.017497651278972626,-0.011893358081579208,0.9998798370361328,324.93595361709595,344.7741508483887,0.38023123145103455,0.2833987772464752,-0.04786413162946701,0.9743364453315735,428.76943588256836,402.4245357513428,-0.40331026911735535,-0.009814955294132233,-0.15853753685951233,0.9932653307914734,244.53081607818604,359.5652961730957,0.6825543642044067,0.49789857864379883,0.05710868164896965,0.965939462184906,493.4241056442261,447.68463134765625,-0.4483155608177185,0.40005800127983093,-0.019954267889261246,0.9408516883850098,238.7983775138855,443.95442962646484,0.6909812092781067,0.5145989656448364,0.06898811459541321,0.81731116771698,498.2929801940918,456.66558265686035,-0.4528921842575073,0.43426427245140076,-0.04434290900826454,0.8792401552200317,246.8351125717163,457.71778106689453,0.7101578712463379,0.4751337170600891,0.01060537900775671,0.9382941126823425,504.51008319854736,459.57695960998535,-0.5202114582061768,0.4428233504295349,-0.07776696979999542,0.906277596950531,205.71064710617065,457.5937271118164
60,0.25,-0.11966213583946228,-0.6053481101989746,-0.2032870352268219,0.9998642802238464,317.99259424209595,212.26688861846924,-0.0962105467915535,-0.6199280619621277,-0.21362526714801788,0.9990293979644775,321.5448045730591,205.68121433258057,-0.09568717330694199,-0.6210053563117981,-0.2086777687072754,0.998947262763977,324.0714454650879,205.2952480316162,-0.09670457988977432,-0.6232576370239258,-0.21049082279205322,0.9990493059158325,326.37953996658325,204.90620613098145,-0.10361164808273315,-0.6311830878257751,-0.21212118864059448,0.9992733001708984,319.83853340148926,205.8341360092163,-0.10168983042240143,-0.6311362981796265,-0.22024165093898773,0.9993898272514343,320.347101688385,205.69563388824463,-0.09803266078233719,-0.6190968155860901,-0.20208296179771423,0.9994401931762695,320.92929124832153,205.44864177703857,0.014382452704012394,-0.5937319397926331,-0.1943221241235733,0.9993683099746704,338.70002031326294,205.782208442688,-0.05292193219065666,-0.5601692199707031,-0.10197296738624573,0.9992892742156982,331.7735266685486,206.4506435394287,-0.057696323841810226,-0.5884600877761841,-0.18772858381271362,0.9996618032455444,324.19315338134766,218.66003036499023,-0.07551243156194687,-0.5557700991630554,-0.18890000879764557,0.9995341897010803,321.82381868362427,218.95412921905518,0.18957675993442535,-0.47175323963165283,-0.06374399363994598,0.9998433589935303,379.4497060775757,236.64546489715576,-0.10899427533149719,-0.5308269262313843,0.02528858184814453,0.9997076988220215,314.12789583206177,242.8139305114746,0.4446026384830475,-0.5166647434234619,-0.09406595677137375,0.9978877902030945,436.0964584350586,240.0139331817627,-0.3665868639945984,-0.48471352458000183,-0.008754574693739414,0.9881129264831543,255.74629068374634,234.77806091308594,0.6638396382331848,-0.5062657594680786,-0.08077416568994522,0.9972459673881531,488.57887744903564,232.4104928970337,-0.6112600564956665,-0.5392055511474609,-0.1179046705365181,0.9792223572731018,202.09290504455566,228.3248805999756,0.7165433168411255,-0.5250641107559204,-0.0685359314084053,0.9929646253585815,503.62443923950195,232.97616004943848,-0.6426054835319519,-0.5654875040054321,-0.15172329545021057,0.9540526866912842,185.97227096557617,226.5373992919922,0.7080416083335876,-0.5288355350494385,-0.10906387865543365,0.9937671422958374,505.97349643707275,231.25396728515625,-0.6201814413070679,-0.6071637272834778,-0.1841231882572174,0.9571947455406189,184.59953784942627,225.87255477905273,0.6757752299308777,-0.48796066641807556,-0.10101576149463654,0.9925097227096558,500.52638053894043,231.8655252456665,-0.6143317222595215,-0.5507254004478455,-0.13877718150615692,0.9650505781173706,190.1003623008728,227.6328706741333,0.10017707943916321,0.012602236121892929,0.014461937360465527,0.9998670816421509,363.02531719207764,349.6838665008545,-0.09812451899051666,-0.017497969791293144,-0.011874688789248466,0.9998748302459717,323.4635925292969,345.8445167541504,0.38005301356315613,0.28340643644332886,-0.048554640263319016,0.9730334877967834,427.0748805999756,403.3150577545166,-0.40331143140792847,-0.009935359470546246,-0.158132866024971,0.9927862882614136,243.2912278175354,360.5797290802002,0.6823834180831909,0.4978794455528259,0.05576290935277939,0.9638280272483826,492.0453214645386,448.97257804870605,-0.44853976368904114,0.3999401330947876,-0.01989688351750374,0.9376309514045715,237.2869849205017,445.05154609680176,0.6908208131790161,0.5145718455314636,0.06755223870277405,0.8104270696640015,497.042555809021,457.98399925231934,-0.45315173268318176,0.4341471195220947,-0.04428694024682045,0.8747186660766602,244.9321174621582,458.7585639953613,0.709491491317749,0.4751940667629242,0.009156056679785252,0.9347836971282959,502.8914451599121,460.48147201538086,-0.5202668309211731,0.44276100397109985,-0.0777028352022171,0.9015099406242371,203.8949418067932,458.5814380645752
61,0.25416666666666665,-0.11968765407800674,-0.6053186058998108,-0.2030215710401535,0.9998557567596436,316.4989900588989,212.56690979003906,-0.09620744735002518,-0.6199065446853638,-0.21343089640140533,0.998968243598938,320.058217048645,205.9489917755127,-0.09568603336811066,-0.6209807395935059,-0.20848405361175537,0.9988795518875122,322.4019527435303,205.58924674987793,-0.09670211374759674,-0.6232346296310425,-0.21029436588287354,0.9989905953407288,324.6934175491333,205.24300575256348,-0.10359589755535126,-0.6311690211296082,-0.211852565407753,0.9992281794548035,318.48079919815063,206.10493183135986,-0.10167422145605087,-0.6311247944831848,-0.21997258067131042,0.9993517994880676,318.95501375198364,205.96624374389648,-0.09801726788282394,-0.6190859079360962,-0.2018205225467682,0.9994080066680908,319.47506189346313,205.72919368743896,0.014411545358598232,-0.5937354564666748,-0.1943420171737671,0.9993311166763306,336.80678844451904,206.07343196868896,-0.05284200981259346,-0.5601651072502136,-0.10166142135858536,0.9992486834526062,330.0665044784546,206.71374320983887,-0.05772789195179939,-0.5884396433830261,-0.18755599856376648,0.9996452331542969,322.6002860069275,218.98889064788818,-0.07552069425582886,-0.5557587146759033,-0.18861252069473267,0.9995119571685791,320.2664852142334,219.24546718597412,0.18957163393497467,-0.471750408411026,-0.06379169970750809,0.999840497970581,377.7152395248413,237.05630779266357,-0.10891471803188324,-0.5308258533477783,0.02575043961405754,0.9997034668922424,312.515652179718,243.21101188659668,0.4445812702178955,-0.5166491866111755,-0.09414952248334885,0.9977853894233704,434.1378879547119,240.3273582458496,-0.3664964437484741,-0.48461222648620605,-0.007927333004772663,0.9875755310058594,254.57864999771118,235.22300720214844,0.6638002395629883,-0.5061147809028625,-0.08090244978666306,0.9970521926879883,487.30085849761963,232.79540061950684,-0.6110609173774719,-0.5391552448272705,-0.11703665554523468,0.9782707691192627,200.71107387542725,228.84694576263428,0.7165098190307617,-0.5249094367027283,-0.06868258863687515,0.9925249218940735,502.42714405059814,233.43499660491943,-0.6423371434211731,-0.5654597282409668,-0.15070907771587372,0.9523127675056458,184.7468662261963,226.90940380096436,0.7080107927322388,-0.5286029577255249,-0.10920784622430801,0.9933678507804871,504.761438369751,231.70319080352783,-0.6199951767921448,-0.6071422696113586,-0.18318261206150055,0.9555540084838867,183.2407522201538,226.320219039917,0.6757331490516663,-0.4877811074256897,-0.10114667564630508,0.9920388460159302,499.2250156402588,232.35604763031006,-0.6141642928123474,-0.550682544708252,-0.1379314661026001,0.9637293815612793,188.61510515213013,228.16150188446045,0.10017585754394531,0.012608837336301804,0.014438907615840435,0.9998680353164673,361.56023025512695,350.01843452453613,-0.09812210500240326,-0.017502013593912125,-0.011847673915326595,0.9998759627342224,322.0971465110779,346.1305618286133,0.38005200028419495,0.28343814611434937,-0.048678722232580185,0.9723817706108093,425.77544689178467,403.8197135925293,-0.40331846475601196,-0.009932036511600018,-0.15766718983650208,0.9925360083580017,241.6126585006714,361.06627464294434,0.6823626160621643,0.4980367422103882,0.05567587912082672,0.9629525542259216,490.53118228912354,449.4760322570801,-0.44871848821640015,0.3999705910682678,-0.01986382156610489,0.936404824256897,235.7495641708374,445.5136013031006,0.6908011436462402,0.5147352814674377,0.067464180290699,0.8072571158409119,495.7356119155884,458.7058925628662,-0.4533485174179077,0.43418315052986145,-0.04427346959710121,0.8727381229400635,243.35212469100952,459.3824100494385,0.7094287276268005,0.4757411479949951,0.009026524610817432,0.9331993460655212,501.62033557891846,461.2239360809326,-0.5204395651817322,0.4428984820842743,-0.07764450460672379,0.8995595574378967,201.9991135597229,458.9710807800293
62,0.25833333333333336,-0.1198120042681694,-0.6051491498947144,-0.20316758751869202,0.9998517632484436,315.1328229904175,212.99202919006348,-0.09624551981687546,-0.6198312044143677,-0.21362875401973724,0.9989407658576965,318.61600399017334,206.32357120513916,-0.09572046250104904,-0.6209076642990112,-0.20867691934108734,0.9988491535186768,321.04117155075073,205.9661865234375,-0.09673519432544708,-0.6231590509414673,-0.21048197150230408,0.99896240234375,323.3807444572449,205.62862873077393,-0.10365450382232666,-0.6310837864875793,-0.21194887161254883,0.9992062449455261,316.97153091430664,206.48277282714844,-0.10173526406288147,-0.6310359239578247,-0.2200644612312317,0.9993338584899902,317.43709802627563,206.33079528808594,-0.09808595478534698,-0.618998110294342,-0.2019127607345581,0.9993911981582642,317.9504728317261,206.08108520507812,0.014426260255277157,-0.5937750339508057,-0.19450877606868744,0.9993091821670532,335.661141872406,206.5121555328369,-0.05288371443748474,-0.5601792931556702,-0.10172996670007706,0.9992261528968811,328.6393976211548,207.1015977859497,-0.05780533328652382,-0.5883567333221436,-0.18768684566020966,0.9996326565742493,321.2550401687622,219.43038940429688,-0.07566849887371063,-0.5556615591049194,-0.1886395364999771,0.9994953274726868,318.92035961151123,219.67710971832275,0.18956249952316284,-0.4718397259712219,-0.06382168084383011,0.9998358488082886,376.505970954895,237.43014335632324,-0.10893110185861588,-0.5308942198753357,0.02572864480316639,0.9996958374977112,311.3768935203552,243.6075782775879,0.4444946348667145,-0.5166479349136353,-0.0941925123333931,0.9977694749832153,432.9029130935669,240.7712173461914,-0.366515189409256,-0.4846417307853699,-0.007922166958451271,0.9874342679977417,253.21634531021118,235.66377639770508,0.6636316776275635,-0.5060988664627075,-0.08097976446151733,0.9970319271087646,485.69475173950195,233.1818962097168,-0.6110795140266418,-0.5391721725463867,-0.11703252047300339,0.977998673915863,199.5384979248047,229.22521591186523,0.7163452506065369,-0.5248987674713135,-0.06873683631420135,0.9924691915512085,500.78404426574707,233.80162239074707,-0.6423661708831787,-0.5654786229133606,-0.15069839358329773,0.951666533946991,183.4658646583557,227.24141120910645,0.7078777551651001,-0.5285947918891907,-0.10930150002241135,0.9933186173439026,503.20704460144043,232.09413528442383,-0.6200481653213501,-0.6071571707725525,-0.18317599594593048,0.9549948573112488,182.04901456832886,226.67711734771729,0.6755531430244446,-0.4877634048461914,-0.10124380141496658,0.9919752478599548,497.606463432312,232.69208908081055,-0.6141927242279053,-0.5507010817527771,-0.13793689012527466,0.9633013010025024,187.45476007461548,228.5414457321167,0.10017574578523636,0.012612649239599705,0.014434529468417168,0.9998651742935181,360.5069160461426,350.4531955718994,-0.09812095761299133,-0.017503276467323303,-0.011841148138046265,0.9998735785484314,320.8037209510803,346.57739639282227,0.3800513446331024,0.2834577262401581,-0.04871383309364319,0.9720156788825989,424.70166206359863,404.3056583404541,-0.40339305996894836,-0.010118801146745682,-0.15762631595134735,0.9924027919769287,240.32483339309692,361.3737201690674,0.6822628378868103,0.4980422854423523,0.05567919835448265,0.9624353647232056,489.30444717407227,449.8618698120117,-0.4488193988800049,0.3998294770717621,-0.019848989322781563,0.9353364109992981,234.51679944992065,445.84656715393066,0.6907070279121399,0.5147480368614197,0.06746939569711685,0.8058273792266846,494.51720237731934,459.21326637268066,-0.4534263610839844,0.434040367603302,-0.0442713126540184,0.8711526393890381,242.23593950271606,459.6192741394043,0.70940762758255,0.4757739007472992,0.009027236141264439,0.9321931600570679,500.57092666625977,461.53295516967773,-0.5204814672470093,0.4427525997161865,-0.07769327610731125,0.8978750705718994,200.60560941696167,459.42870140075684
63,0.2625,-0.11983464658260345,-0.6054810285568237,-0.20264197885990143,0.9998452663421631,314.0080976486206,213.0034875869751,-0.09625550359487534,-0.6200817823410034,-0.21303115785121918,0.9988988637924194,317.8916573524475,206.3392210006714,-0.09573163837194443,-0.6211652159690857,-0.20808111131191254,0.9988046288490295,320.28629064559937,205.99798679351807,-0.0967467874288559,-0.6234082579612732,-0.2098928838968277,0.9989247918128967,322.546169757843,205.68208694458008,-0.10366488993167877,-0.6313591599464417,-0.21137605607509613,0.9991746544837952,316.22669219970703,206.48786544799805,-0.10174490511417389,-0.6313217282295227,-0.21948708593845367,0.9993078708648682,316.83531761169434,206.3321828842163,-0.09809286147356033,-0.6192758083343506,-0.2013435959815979,0.9993689060211182,317.4757432937622,206.08649253845215,0.014418871141970158,-0.5938467979431152,-0.19412121176719666,0.9992886781692505,334.9172902107239,206.68478965759277,-0.052875008434057236,-0.5603288412094116,-0.10135834664106369,0.9991998076438904,327.981162071228,207.2460651397705,-0.0578283816576004,-0.5885872840881348,-0.187285378575325,0.9996249675750732,320.1779079437256,219.52540397644043,-0.07568414509296417,-0.5559430718421936,-0.18825721740722656,0.9994845390319824,317.95547246932983,219.75118160247803,0.18955473601818085,-0.47184380888938904,-0.06380903720855713,0.9998341798782349,375.6983470916748,237.85951137542725,-0.10897817462682724,-0.530902087688446,0.025900544598698616,0.9996924996376038,310.1277780532837,244.01933670043945,0.44447192549705505,-0.5166664123535156,-0.09423279762268066,0.9977664351463318,431.84290409088135,241.01818084716797,-0.3665371835231781,-0.4845888316631317,-0.007693142164498568,0.987445592880249,252.26321697235107,235.92525959014893,0.6634670495986938,-0.5061298608779907,-0.0810956060886383,0.9970227479934692,484.7434902191162,233.47642421722412,-0.6111042499542236,-0.5391709804534912,-0.11690685153007507,0.9781512022018433,198.78507614135742,229.61380004882812,0.7161648273468018,-0.5249431729316711,-0.06887379288673401,0.992445170879364,499.88179206848145,234.07670974731445,-0.6423895955085754,-0.5654858946800232,-0.15058232843875885,0.9520193338394165,182.8637194633484,227.6628541946411,0.7076815962791443,-0.5286455750465393,-0.10943353921175003,0.9932926893234253,502.306809425354,232.37643241882324,-0.6200957298278809,-0.6071829199790955,-0.1830943077802658,0.9553048014640808,181.42245054244995,227.00473308563232,0.6753715872764587,-0.4877999722957611,-0.10136741399765015,0.9919482469558716,496.70863151550293,232.96903610229492,-0.6142253279685974,-0.5507028698921204,-0.13782450556755066,0.9634963870048523,186.68766975402832,228.82812023162842,0.10017871111631393,0.012608147226274014,0.014435026794672012,0.9998660683631897,359.7634506225586,350.6730079650879,-0.0981220006942749,-0.01749463938176632,-0.011840982362627983,0.9998738169670105,320.08334398269653,346.8247318267822,0.380067378282547,0.28350359201431274,-0.04875374585390091,0.972262442111969,423.9116334915161,404.6743583679199,-0.40339866280555725,-0.010057926177978516,-0.1576067954301834,0.9924258589744568,239.5276165008545,361.78874015808105,0.6822776198387146,0.4980525076389313,0.05567704513669014,0.9626752138137817,488.909969329834,450.206937789917,-0.44881129264831543,0.39971551299095154,-0.01961609721183777,0.9352693557739258,233.76593112945557,446.0569953918457,0.6907325983047485,0.5147637724876404,0.06747284531593323,0.8066691160202026,493.470196723938,459.48500633239746,-0.45342275500297546,0.43388307094573975,-0.04400290176272392,0.8711944222450256,241.66752576828003,459.7441005706787,0.7095927596092224,0.4758172631263733,0.009028774686157703,0.932368278503418,499.87475395202637,461.69692039489746,-0.5205023288726807,0.4425815939903259,-0.0773550495505333,0.897437334060669,200.40723323822021,459.6855640411377
64,0.26666666666666666,-0.11986203491687775,-0.6060824394226074,-0.2013750970363617,0.9998328685760498,313.08157682418823,212.86109447479248,-0.09625449031591415,-0.6205692887306213,-0.21163983643054962,0.9988198280334473,317.223379611969,206.1743974685669,-0.09573272615671158,-0.6216555237770081,-0.2066982239484787,0.9987195730209351,319.5534038543701,205.84047317504883,-0.09674853086471558,-0.6238949298858643,-0.20852136611938477,0.9988537430763245,321.72348260879517,205.5333137512207,-0.1036461815237999,-0.6318877935409546,-0.20999093353748322,0.9991124272346497,315.5522561073303,206.31764888763428,-0.10172686725854874,-0.6318650841712952,-0.21810150146484375,0.999255359172821,316.2426996231079,206.15455627441406,-0.09806898981332779,-0.6198165416717529,-0.19996821880340576,0.9993228316307068,316.94408655166626,205.9048318862915,0.014418896287679672,-0.5939977765083313,-0.1932644098997116,0.9992533326148987,333.8661861419678,206.58792972564697,-0.05273337662220001,-0.5606210827827454,-0.10031819343566895,0.9991468191146851,327.2009611129761,207.1222972869873,-0.05786246806383133,-0.5890157222747803,-0.18627944588661194,0.9996099472045898,319.2372465133667,219.42659854888916,-0.07569639384746552,-0.55645751953125,-0.18723325431346893,0.9994614720344543,317.0153474807739,219.6216344833374,0.18954278528690338,-0.4718642234802246,-0.06374762207269669,0.9998317956924438,374.8907232284546,237.86654949188232,-0.10899289697408676,-0.5309247374534607,0.026607660576701164,0.9996853470802307,308.9745569229126,244.18058395385742,0.44445526599884033,-0.5168067216873169,-0.09425380825996399,0.9977614879608154,430.97880363464355,241.0140323638916,-0.3665222227573395,-0.4845687747001648,-0.006848967634141445,0.9871876835823059,251.39827966690063,235.88883876800537,0.6631035208702087,-0.5062007904052734,-0.08114168792963028,0.9969717860221863,483.9363384246826,233.48512172698975,-0.6111279726028442,-0.5391530990600586,-0.11632762849330902,0.9777671098709106,197.47315406799316,229.70096111297607,0.7157365679740906,-0.5250070095062256,-0.06895330548286438,0.992321789264679,498.9373970031738,234.0919589996338,-0.6424196362495422,-0.5654837489128113,-0.14992883801460266,0.9514095783233643,181.49139404296875,227.7892541885376,0.7071859240531921,-0.5286905169487,-0.1094747856259346,0.9931718707084656,501.34207248687744,232.3812961578369,-0.6201338171958923,-0.6071907877922058,-0.18259045481681824,0.9546999931335449,180.145161151886,227.05796241760254,0.6749711036682129,-0.4878661036491394,-0.10141828656196594,0.991813063621521,495.8077096939087,232.9865598678589,-0.6142579913139343,-0.5506924390792847,-0.13729171454906464,0.9630107283592224,185.38797855377197,228.850736618042,0.10017883032560349,0.012608190067112446,0.014428813941776752,0.9998679161071777,358.79079580307007,350.7887649536133,-0.09812141954898834,-0.01749383471906185,-0.011832472868263721,0.9998750686645508,319.22641038894653,346.9091606140137,0.38008424639701843,0.2835022211074829,-0.048749759793281555,0.9725121259689331,423.01234245300293,404.76353645324707,-0.40340089797973633,-0.010353990830481052,-0.15758848190307617,0.9925026893615723,238.65896701812744,361.9364833831787,0.6822212934494019,0.49794721603393555,0.05603163316845894,0.9627878665924072,487.79494285583496,450.18731117248535,-0.44882941246032715,0.39940518140792847,-0.019572889432311058,0.9358378648757935,233.0234956741333,446.05502128601074,0.6906793713569641,0.5146693587303162,0.0679435208439827,0.8073362112045288,492.4925422668457,459.4127941131592,-0.4534462094306946,0.43357589840888977,-0.043966397643089294,0.8721621036529541,240.76982259750366,459.8287296295166,0.7096155285835266,0.4758404493331909,0.009693540632724762,0.932117223739624,499.2894744873047,461.6589546203613,-0.520540714263916,0.44255751371383667,-0.07730109989643097,0.8976719975471497,200.07955312728882,459.76003646850586
65,0.2708333333333333,-0.11988851428031921,-0.6060481071472168,-0.20144766569137573,0.999830961227417,312.0665645599365,212.73352146148682,-0.09624666720628738,-0.6205396056175232,-0.2117239087820053,0.998812198638916,316.16628885269165,206.03655338287354,-0.09572715312242508,-0.6216239333152771,-0.2067805975675583,0.9987103939056396,318.5424470901489,205.70059776306152,-0.09674479812383652,-0.623864471912384,-0.2086038738489151,0.9988480806350708,320.7308292388916,205.39227962493896,-0.10362618416547775,-0.6318665742874146,-0.21005910634994507,0.9991045594215393,314.4428300857544,206.17444038391113,-0.10170553624629974,-0.6318464875221252,-0.21817579865455627,0.9992478489875793,315.11239528656006,206.00074768066406,-0.0980440080165863,-0.619795560836792,-0.20003943145275116,0.9993165731430054,315.818932056427,205.74201107025146,0.014471035450696945,-0.59397292137146,-0.19333027303218842,0.9992493391036987,333.1437063217163,206.44692420959473,-0.05253104493021965,-0.5606188774108887,-0.10038896650075912,0.9991357326507568,326.1800479888916,206.9692897796631,-0.057895638048648834,-0.588987410068512,-0.1863671839237213,0.9996083378791809,318.2609224319458,219.32312965393066,-0.07570972293615341,-0.5564395189285278,-0.18731378018856049,0.9994584321975708,315.9645438194275,219.49936866760254,0.1895466446876526,-0.47183188796043396,-0.06395749747753143,0.9998326897621155,373.76041889190674,237.81163215637207,-0.10897033661603928,-0.53089839220047,0.02656436897814274,0.9996865391731262,307.759644985199,244.0930938720703,0.4444340169429779,-0.5168038606643677,-0.09466560930013657,0.9977622628211975,430.01638412475586,240.88597297668457,-0.36638423800468445,-0.4845660924911499,-0.00691601587459445,0.9871341586112976,250.36022186279297,235.72184085845947,0.6627892851829529,-0.5061624050140381,-0.08155914396047592,0.9969599843025208,482.928729057312,233.36724758148193,-0.6109663248062134,-0.5391881465911865,-0.11637815833091736,0.9777913689613342,196.39278173446655,229.59733486175537,0.7153098583221436,-0.5249213576316833,-0.0693528801202774,0.992285430431366,498.03947925567627,233.98525714874268,-0.6422334909439087,-0.5655330419540405,-0.14997170865535736,0.9514296650886536,180.4703950881958,227.72071838378906,0.7067197561264038,-0.5285895466804504,-0.10985245555639267,0.9931330680847168,500.52268981933594,232.2956371307373,-0.6199575066566467,-0.6072534918785095,-0.18262438476085663,0.9547120332717896,179.0241801738739,226.97576522827148,0.6746029853820801,-0.487820029258728,-0.10182178020477295,0.9917668700218201,494.86674785614014,232.8898286819458,-0.6140947937965393,-0.5507380962371826,-0.13733965158462524,0.9629915356636047,184.18233633041382,228.74057292938232,0.10017860680818558,0.012598864734172821,0.014424733817577362,0.9998698830604553,357.8176474571228,350.82035064697266,-0.09811998158693314,-0.017479553818702698,-0.011827358976006508,0.9998764991760254,318.0586624145508,346.78762435913086,0.3802562952041626,0.28351229429244995,-0.048757657408714294,0.9722937345504761,422.4244451522827,404.69953536987305,-0.4033321142196655,-0.0101387994363904,-0.15748977661132812,0.9924097657203674,237.51673221588135,361.9852638244629,0.6823128461837769,0.49790409207344055,0.056027933955192566,0.9626203179359436,486.8120527267456,450.00497817993164,-0.4486548602581024,0.39945104718208313,-0.019547238945961,0.9354400634765625,232.082040309906,446.0534477233887,0.690800666809082,0.5146204829216003,0.067943274974823,0.8071150183677673,491.88846588134766,459.33491706848145,-0.4532524645328522,0.43360841274261475,-0.04393865913152695,0.8717251420021057,239.72416877746582,459.8861503601074,0.7103819251060486,0.4758555591106415,0.009699047543108463,0.9317047595977783,498.81792068481445,461.56436920166016,-0.520373523235321,0.44259580969810486,-0.07726135849952698,0.8969267010688782,198.94452810287476,459.7748279571533
66,0.275,-0.11991894990205765,-0.6059434413909912,-0.20118162035942078,0.9998315572738647,310.9773516654968,212.69269466400146,-0.0962579995393753,-0.6204512715339661,-0.2114717811346054,0.9988164901733398,314.932279586792,205.9509515762329,-0.0957397073507309,-0.6215482950210571,-0.20651909708976746,0.9987135529518127,317.39270210266113,205.6036376953125,-0.0967579260468483,-0.6237778067588806,-0.20834288001060486,0.9988529682159424,319.62979316711426,205.28653621673584,-0.10363807529211044,-0.6317736506462097,-0.2097724825143814,0.9991084933280945,313.1040859222412,206.09344482421875,-0.10171680152416229,-0.6317465305328369,-0.21787764132022858,0.9992503523826599,313.7103509902954,205.907564163208,-0.09805270284414291,-0.6196905970573425,-0.19975100457668304,0.9993199110031128,314.3682646751404,205.63645362854004,0.014461684040725231,-0.5939692258834839,-0.19300535321235657,0.9992477893829346,332.1933674812317,206.32651805877686,-0.052551429718732834,-0.5606119632720947,-0.09993083029985428,0.9991344809532166,325.00704288482666,206.83908462524414,-0.05793246254324913,-0.5889310240745544,-0.186087965965271,0.9996079802513123,317.18451976776123,219.31231498718262,-0.07572343200445175,-0.5563650727272034,-0.18697690963745117,0.9994587302207947,314.8219656944275,219.48260307312012,0.18953797221183777,-0.47183898091316223,-0.06356348097324371,0.999832808971405,372.55539894104004,237.73695945739746,-0.10899224877357483,-0.5309076905250549,0.02719114162027836,0.999687910079956,306.52767419815063,243.93593788146973,0.44435665011405945,-0.5167838335037231,-0.09391111135482788,0.9977098703384399,428.94667625427246,240.82660675048828,-0.36639392375946045,-0.48456305265426636,-0.00603788485750556,0.9870057702064514,248.72694969177246,235.63143253326416,0.6624084115028381,-0.5060629844665527,-0.08040263503789902,0.996932864189148,481.7278289794922,233.31855297088623,-0.6108943223953247,-0.5391825437545776,-0.11553604900836945,0.9778681993484497,195.22454023361206,229.51754093170166,0.7147761583328247,-0.5248157978057861,-0.06824876368045807,0.9922226667404175,496.727557182312,233.8650369644165,-0.642133891582489,-0.5655331015586853,-0.14920003712177277,0.9516205191612244,179.34507966041565,227.66484260559082,0.7061381936073303,-0.5284619927406311,-0.10865427553653717,0.993077278137207,499.1446352005005,232.19374179840088,-0.6198251247406006,-0.607245922088623,-0.18180637061595917,0.9548996686935425,177.9230797290802,226.85723304748535,0.6741649508476257,-0.4877132773399353,-0.10061904042959213,0.9916924834251404,493.58593940734863,232.8011655807495,-0.6140170693397522,-0.5507300496101379,-0.13648192584514618,0.963082492351532,183.05226802825928,228.59591960906982,0.1001720055937767,0.012597179971635342,0.014410599134862423,0.9998691082000732,356.6468095779419,350.69149017333984,-0.09810926020145416,-0.017474288120865822,-0.011808822862803936,0.9998757243156433,317.06984996795654,346.6590213775635,0.38028186559677124,0.28351038694381714,-0.04911607503890991,0.9719042778015137,421.28066539764404,404.5759963989258,-0.40302252769470215,-0.010133976116776466,-0.15733574330806732,0.9921509027481079,236.6513228416443,361.9712448120117,0.6822996735572815,0.49787288904190063,0.055170588195323944,0.9620629549026489,485.7781791687012,449.890079498291,-0.44863587617874146,0.3993881642818451,-0.019347332417964935,0.9340201616287231,230.8285903930664,445.9580898284912,0.6907871961593628,0.5145844221115112,0.06701318174600601,0.8052689433097839,491.14152431488037,459.3168067932129,-0.4532621204853058,0.43353748321533203,-0.0437341071665287,0.870025098323822,238.5305643081665,459.7863578796387,0.7103717923164368,0.47580453753471375,0.008877427317202091,0.9309273362159729,497.54260540008545,461.4686393737793,-0.520396888256073,0.4422558546066284,-0.07691193372011185,0.895176112651825,197.5078296661377,459.6500301361084
67,0.2791666666666667,-0.11994177103042603,-0.6062367558479309,-0.2011580914258957,0.9998369216918945,310.29757261276245,212.4997043609619,-0.09623844176530838,-0.6206918358802795,-0.21143637597560883,0.9988542199134827,314.52048540115356,205.7512664794922,-0.09572257846593857,-0.6217897534370422,-0.20648536086082458,0.9987545609474182,316.9135522842407,205.40117740631104,-0.09674222767353058,-0.6240208745002747,-0.2083115577697754,0.9988890290260315,319.1069984436035,205.08131504058838,-0.10360876470804214,-0.6320897340774536,-0.20974138379096985,0.9991378784179688,312.578330039978,205.89104175567627,-0.10168915241956711,-0.6320701837539673,-0.2178487628698349,0.9992755651473999,313.2298493385315,205.70001125335693,-0.09801959246397018,-0.6200129389762878,-0.19972099363803864,0.9993424415588379,313.8972473144531,205.42458057403564,0.014493701048195362,-0.5940137505531311,-0.19304867088794708,0.9992713332176208,331.56867027282715,206.12096786499023,-0.05244996398687363,-0.5608372688293457,-0.09994345903396606,0.9991633296012878,324.25121784210205,206.63620948791504,-0.05796343833208084,-0.5891245603561401,-0.1861022561788559,0.9996198415756226,316.5781903266907,219.1220998764038,-0.07573196291923523,-0.5566413402557373,-0.18699093163013458,0.9994760155677795,314.2091774940491,219.28570747375488,0.1895264834165573,-0.4718358814716339,-0.06362218409776688,0.999835193157196,371.9775867462158,237.62502193450928,-0.10900839418172836,-0.530968427658081,0.027151839807629585,0.9996946454048157,305.82287549972534,243.82115364074707,0.44434303045272827,-0.5167825222015381,-0.09397988766431808,0.9977390170097351,428.27166080474854,240.63992500305176,-0.36641713976860046,-0.48459893465042114,-0.006117560900747776,0.9873017072677612,248.16538095474243,235.4258680343628,0.6623997092247009,-0.5060784816741943,-0.08050068467855453,0.996976912021637,481.34034633636475,233.17126750946045,-0.6109086275100708,-0.5392020344734192,-0.11555416136980057,0.9784800410270691,194.2479157447815,229.3641185760498,0.7147725820541382,-0.5248308777809143,-0.06834206730127335,0.9923260807991028,496.27930641174316,233.68370532989502,-0.6421481966972351,-0.5655516386032104,-0.14926141500473022,0.9528554677963257,178.2703399658203,227.51541137695312,0.7061412334442139,-0.5284808278083801,-0.10875388234853745,0.9931672811508179,498.71432304382324,232.01501369476318,-0.6198479533195496,-0.6072698831558228,-0.181900292634964,0.9560515284538269,176.78027629852295,226.71197891235352,0.6741619110107422,-0.48773467540740967,-0.10072464495897293,0.9918016195297241,493.2117176055908,232.64382362365723,-0.6140285134315491,-0.5507522225379944,-0.136513814330101,0.9639853239059448,181.86557292938232,228.44465732574463,0.10017205029726028,0.012589083053171635,0.014415161684155464,0.9998719096183777,355.989625453949,350.5064392089844,-0.09810838103294373,-0.017460662871599197,-0.011813206598162651,0.9998781681060791,316.44641876220703,346.4798641204834,0.38032984733581543,0.2835158705711365,-0.04904532805085182,0.9725138545036316,420.5207633972168,404.39477920532227,-0.40277451276779175,-0.010130111128091812,-0.15738479793071747,0.9923107028007507,235.98171472549438,361.8732261657715,0.6823165416717529,0.4978809058666229,0.05517588555812836,0.9631398916244507,484.92223262786865,449.67309951782227,-0.4484326243400574,0.3993821144104004,-0.019333602860569954,0.935075044631958,230.3270173072815,445.79715728759766,0.690812885761261,0.5145965218544006,0.06701988726854324,0.8097980618476868,490.3009843826294,459.1127872467041,-0.45306718349456787,0.43352821469306946,-0.04371050372719765,0.8717790842056274,238.15112829208374,459.6354675292969,0.711050271987915,0.4758039116859436,0.008881392888724804,0.9328595399856567,496.9424343109131,461.3035297393799,-0.5202345848083496,0.44221988320350647,-0.07689575850963593,0.8969393372535706,197.3936104774475,459.5550727844238
68,0.2833333333333333,-0.11989802122116089,-0.606299877166748,-0.201181560754776,0.9998321533203125,309.4969439506531,212.34407901763916,-0.09616430848836899,-0.6207135319709778,-0.21145936846733093,0.9988218545913696,313.6890649795532,205.60638427734375,-0.09565455466508865,-0.621806263923645,-0.20651152729988098,0.9987224340438843,316.1114430427551,205.25776863098145,-0.09667640179395676,-0.6240392327308655,-0.2083343267440796,0.9988605380058289,318.3253812789917,204.93558883666992,-0.10349863022565842,-0.632125735282898,-0.20976346731185913,0.9991118907928467,311.8070340156555,205.73611736297607,-0.10157674551010132,-0.6321071982383728,-0.21787342429161072,0.9992550015449524,312.47668504714966,205.5425262451172,-0.09789799898862839,-0.620050311088562,-0.19974297285079956,0.999323308467865,313.1911826133728,205.265851020813,0.014621837064623833,-0.594007134437561,-0.19313529133796692,0.9992576837539673,330.80007791519165,205.95993518829346,-0.052100542932748795,-0.5608423352241516,-0.09999752044677734,0.9991422295570374,323.6296319961548,206.48497581481934,-0.05790512263774872,-0.5891540050506592,-0.1861475110054016,0.9996140003204346,315.753378868103,218.9677333831787,-0.0755944699048996,-0.5567000508308411,-0.18703538179397583,0.9994664788246155,313.3467507362366,219.12928104400635,0.18982747197151184,-0.4718192219734192,-0.06367798894643784,0.9998350143432617,371.499981880188,237.4583387374878,-0.10881877690553665,-0.530956506729126,0.027103323489427567,0.9996920824050903,305.22613763809204,243.6379337310791,0.4445575773715973,-0.5167567729949951,-0.09404376894235611,0.9977708458900452,427.95734882354736,240.44772148132324,-0.3658064901828766,-0.4842468202114105,-0.0061883083544671535,0.9872974157333374,247.86705493927002,235.2399730682373,0.6625267267227173,-0.5059911012649536,-0.0805395096540451,0.9970118999481201,481.2434434890747,233.00358295440674,-0.6104646921157837,-0.5387634634971619,-0.11557407677173615,0.9784501194953918,194.03012037277222,229.1848611831665,0.7149252891540527,-0.5247591733932495,-0.06832755357027054,0.9923949241638184,496.2589645385742,233.46868515014648,-0.6417224407196045,-0.5651720762252808,-0.14929929375648499,0.9527789950370789,177.99803137779236,227.3481559753418,0.7063174247741699,-0.5284125804901123,-0.10878151655197144,0.993229329586029,498.5727024078369,231.82888984680176,-0.6195812821388245,-0.6070050001144409,-0.18195803463459015,0.9559747576713562,176.50848269462585,226.5265417098999,0.6743045449256897,-0.4876503646373749,-0.1007789820432663,0.9918773770332336,492.9189920425415,232.46764183044434,-0.6136413812637329,-0.5503557324409485,-0.13653001189231873,0.9638676047325134,181.6846203804016,228.257417678833,0.10017962008714676,0.012588403187692165,0.014447491616010666,0.9998723864555359,355.03490924835205,350.29852867126465,-0.0981130599975586,-0.017458543181419373,-0.011845002882182598,0.9998776912689209,315.3814744949341,346.33026123046875,0.38043245673179626,0.283562570810318,-0.04902546852827072,0.9727365374565125,419.4853448867798,404.20226097106934,-0.4026529788970947,-0.010118125937879086,-0.15760011970996857,0.9924086928367615,235.2469825744629,361.6973876953125,0.6824612617492676,0.49797162413597107,0.05518116056919098,0.9635611176490784,483.9770221710205,449.5055866241455,-0.44842255115509033,0.3993852436542511,-0.019306542351841927,0.9350641369819641,229.44461345672607,445.65542221069336,0.6909783482551575,0.5146945118904114,0.06702615320682526,0.8108344078063965,489.33998107910156,458.87640953063965,-0.4530654847621918,0.43352970480918884,-0.04368142411112785,0.871314287185669,237.15433359146118,459.49782371520996,0.7116329669952393,0.47583532333374023,0.00883928220719099,0.9333935976028442,496.17334842681885,461.1137580871582,-0.5201966762542725,0.44221803545951843,-0.07687223702669144,0.8967810273170471,196.63025379180908,459.4105625152588
69,0.2875,-0.11984739452600479,-0.6061304807662964,-0.2018013596534729,0.9998403191566467,309.18490648269653,212.20686435699463,-0.09606098383665085,-0.620563268661499,-0.21221023797988892,0.998879075050354,313.2575726509094,205.48305988311768,-0.095550537109375,-0.6216564178466797,-0.20723986625671387,0.9987840056419373,315.78009366989136,205.13946533203125,-0.09657588601112366,-0.6238879561424255,-0.20907185971736908,0.9989138841629028,318.09024810791016,204.82200622558594,-0.10340274125337601,-0.6319671869277954,-0.210434228181839,0.9991567134857178,311.281042098999,205.59659957885742,-0.10148150473833084,-0.6319403648376465,-0.2185393124818802,0.99929279088974,311.87400341033936,205.3956413269043,-0.09780871868133545,-0.6198873519897461,-0.20038720965385437,0.9993571639060974,312.52063035964966,205.11135578155518,0.014799307100474834,-0.5939297080039978,-0.1937984824180603,0.9992894530296326,330.55603981018066,205.8297872543335,-0.05203069746494293,-0.5607366561889648,-0.10039564222097397,0.9991838932037354,323.1581425666809,206.3355016708374,-0.057848379015922546,-0.5889934301376343,-0.18672123551368713,0.999629020690918,315.4941701889038,218.83026123046875,-0.07554381340742111,-0.5565216541290283,-0.1875242441892624,0.9994888305664062,313.0582308769226,218.9752721786499,0.18991895020008087,-0.4717785120010376,-0.06392794847488403,0.9998380541801453,371.1560583114624,237.3682451248169,-0.108649842441082,-0.5309465527534485,0.026802271604537964,0.999700665473938,304.83850479125977,243.5002040863037,0.44455674290657043,-0.5167311429977417,-0.09406829625368118,0.9978156685829163,427.8095483779907,240.325927734375,-0.36565718054771423,-0.48436012864112854,-0.006473618093878031,0.9876657128334045,247.0882272720337,235.08580684661865,0.6628059148788452,-0.5058948397636414,-0.0806436836719513,0.9970963001251221,481.22722148895264,232.91160106658936,-0.6099829077720642,-0.5387905836105347,-0.1157369539141655,0.9790260195732117,193.55865240097046,229.13506507873535,0.7153193950653076,-0.524582028388977,-0.06842643022537231,0.9925907254219055,496.40552043914795,233.30984115600586,-0.6411546468734741,-0.5651728510856628,-0.14949482679367065,0.9538010358810425,177.62345552444458,227.27120876312256,0.706893801689148,-0.528174638748169,-0.10889699310064316,0.9934079647064209,498.7764644622803,231.72271728515625,-0.6187456846237183,-0.6069764494895935,-0.18213854730129242,0.9569406509399414,176.25481009483337,226.48844718933105,0.6746305227279663,-0.4875098764896393,-0.10088803619146347,0.9920890927314758,492.9963684082031,232.37565994262695,-0.6130456328392029,-0.5503619313240051,-0.13669198751449585,0.964675784111023,181.60110712051392,228.2442283630371,0.100177101790905,0.012586863711476326,0.014446288347244263,0.9998757839202881,354.55758333206177,350.15862464904785,-0.09810763597488403,-0.017452506348490715,-0.011842840351164341,0.9998812675476074,314.9098777770996,346.2260341644287,0.3804221451282501,0.2835675776004791,-0.04906634986400604,0.9735545516014099,418.82243156433105,404.08604621887207,-0.4021454453468323,-0.010037676431238651,-0.15762291848659515,0.992641031742096,234.84108924865723,361.5680122375488,0.6823074817657471,0.49797725677490234,0.055134911090135574,0.9649667739868164,483.06992053985596,449.4575500488281,-0.4480021595954895,0.3994332253932953,-0.01928665302693844,0.9373988509178162,229.03784036636353,445.50822257995605,0.6907984614372253,0.5147067308425903,0.06697552651166916,0.8156507611274719,488.5280656814575,458.8125228881836,-0.45266443490982056,0.433575302362442,-0.04366070032119751,0.8750113844871521,236.93310499191284,459.41617012023926,0.7114008069038391,0.4758681058883667,0.008729787543416023,0.9359736442565918,495.11213779449463,461.0387992858887,-0.5200315713882446,0.44221657514572144,-0.07687061280012131,0.900615394115448,195.1309847831726,459.32178497314453
70,0.2916666666666667,-0.11978977918624878,-0.6065887808799744,-0.20114955306053162,0.9998427033424377,308.8782334327698,212.03002452850342,-0.09598451852798462,-0.6208879351615906,-0.21144640445709229,0.9988988041877747,313.1138062477112,205.31021118164062,-0.09547354280948639,-0.6219854354858398,-0.20648324489593506,0.9988046288490295,315.5799150466919,204.98950481414795,-0.09650103002786636,-0.6242120265960693,-0.20832660794258118,0.9989336133003235,317.8474974632263,204.70252990722656,-0.10327717661857605,-0.6323397159576416,-0.20978762209415436,0.9991734623908997,311.19733572006226,205.4141664505005,-0.101363405585289,-0.6323183178901672,-0.21788083016872406,0.9993066787719727,311.8587255477905,205.21978855133057,-0.09768445044755936,-0.6202723383903503,-0.1997319608926773,0.9993705153465271,312.5567865371704,204.94600296020508,0.014809409156441689,-0.5939435958862305,-0.1931234449148178,0.9993032217025757,330.2110004425049,205.78956127166748,-0.05191692337393761,-0.560852587223053,-0.10007424652576447,0.9992003440856934,323.01175832748413,206.3088083267212,-0.05782662704586983,-0.5892602801322937,-0.18615320324897766,0.9996376633644104,315.15295028686523,218.7025022506714,-0.0754791796207428,-0.5568594932556152,-0.1870708018541336,0.9995015859603882,312.7836585044861,218.863205909729,0.18990904092788696,-0.4717678129673004,-0.0637558251619339,0.9998403191566467,370.8049249649048,237.29570388793945,-0.10865961015224457,-0.5309576988220215,0.02701006643474102,0.9997064471244812,304.38231468200684,243.39280128479004,0.4445374011993408,-0.516741931438446,-0.09364894032478333,0.9978375434875488,427.58883476257324,240.28135299682617,-0.3656653165817261,-0.48438677191734314,-0.00628896476700902,0.98788982629776,246.89210414886475,235.00993251800537,0.6628035306930542,-0.5059183239936829,-0.07984009385108948,0.9971445202827454,481.08341217041016,232.82910346984863,-0.6100066900253296,-0.5388886332511902,-0.1157049909234047,0.9796726703643799,193.15348863601685,229.12023067474365,0.7153199911117554,-0.5246192812919617,-0.06749790906906128,0.9927011132240295,496.28153800964355,233.25628280639648,-0.6411845684051514,-0.5653383731842041,-0.14949995279312134,0.9551591873168945,177.13358759880066,227.2014570236206,0.7068946957588196,-0.5282079577445984,-0.1080038994550705,0.993503987789154,498.5456657409668,231.7131471633911,-0.6187958717346191,-0.6071223616600037,-0.18216434121131897,0.9581920504570007,175.8353555202484,226.4586067199707,0.6746278405189514,-0.4875332713127136,-0.1001109778881073,0.9922029972076416,492.7403783798218,232.3527717590332,-0.61307692527771,-0.5504711866378784,-0.13667798042297363,0.9656202793121338,181.0442590713501,228.23561668395996,0.10017768293619156,0.012576301582157612,0.0144568532705307,0.9998782873153687,354.43557500839233,350.11138916015625,-0.09810706228017807,-0.01743539609014988,-0.011851363815367222,0.9998835921287537,314.7832989692688,346.1933898925781,0.3804461359977722,0.2835562825202942,-0.04893084615468979,0.9741214513778687,418.5275173187256,404.0576362609863,-0.4019359052181244,-0.010037214495241642,-0.15788350999355316,0.9928385019302368,234.5417332649231,361.5574836730957,0.6821624636650085,0.49798300862312317,0.05545702204108238,0.9658679366111755,482.7422618865967,449.3902015686035,-0.44788068532943726,0.3994300663471222,-0.019328046590089798,0.9389010071754456,228.77191543579102,445.4941177368164,0.6906458139419556,0.5147135257720947,0.06734274327754974,0.8194424510002136,488.2243537902832,458.78634452819824,-0.4525644779205322,0.4335717260837555,-0.04369237273931503,0.8773341178894043,236.61604642868042,459.29895401000977,0.7114900946617126,0.47590047121047974,0.009099312126636505,0.9375187158584595,494.8198413848877,460.92015266418457,-0.5200307965278625,0.44220656156539917,-0.07698392868041992,0.9027777910232544,194.96985912322998,459.2886543273926
71,0.29583333333333334,-0.11979080736637115,-0.6066374778747559,-0.2011318951845169,0.9998470544815063,308.6630344390869,211.6219139099121,-0.09592757374048233,-0.6209326386451721,-0.2114206850528717,0.9989292621612549,313.08159828186035,204.83985900878906,-0.0954177975654602,-0.6220293045043945,-0.20645937323570251,0.9988372325897217,315.4634428024292,204.53744888305664,-0.09644765406847,-0.6242565512657166,-0.2083011418581009,0.9989628195762634,317.68182277679443,204.27781105041504,-0.1032060980796814,-0.6324197053909302,-0.20976398885250092,0.9991970658302307,311.0655212402344,204.97309684753418,-0.10129594057798386,-0.6324026584625244,-0.21785835921764374,0.9993266463279724,311.75652265548706,204.78240966796875,-0.09760842472314835,-0.620355486869812,-0.19970948994159698,0.9993887543678284,312.45436906814575,204.51470375061035,0.014871880412101746,-0.593951404094696,-0.19312655925750732,0.9993206262588501,330.07253408432007,205.4888391494751,-0.0518064871430397,-0.5609596967697144,-0.10006336867809296,0.9992216229438782,322.80853271484375,205.9647560119629,-0.05784286558628082,-0.5892919898033142,-0.1861516684293747,0.9996464252471924,315.0020384788513,218.35095405578613,-0.07547152787446976,-0.5569287538528442,-0.18706901371479034,0.9995144605636597,312.5700044631958,218.50154399871826,0.1899062544107437,-0.4717600345611572,-0.06378143280744553,0.9998425841331482,370.58155059814453,237.0710849761963,-0.10867432504892349,-0.5309762358665466,0.027014141902327538,0.9997115731239319,303.9898753166199,243.27444076538086,0.44451943039894104,-0.5167063474655151,-0.09363929182291031,0.9978541731834412,427.35769271850586,240.11744499206543,-0.36567407846450806,-0.48433616757392883,-0.006332255434244871,0.9879977703094482,246.85317993164062,234.79575634002686,0.6628080010414124,-0.5058870315551758,-0.07980851829051971,0.997177243232727,480.8068656921387,232.65591144561768,-0.6100331544876099,-0.5388098955154419,-0.1157585084438324,0.9799627661705017,192.84203052520752,228.93170356750488,0.71533203125,-0.5245935916900635,-0.06743721663951874,0.9927720427513123,495.9626770019531,233.12971115112305,-0.6412169337272644,-0.5652767419815063,-0.14953385293483734,0.9557535648345947,176.76952600479126,227.00560569763184,0.7069224715232849,-0.5281839966773987,-0.10796958953142166,0.9935672879219055,498.31928730010986,231.5009880065918,-0.6188458800315857,-0.6070836186408997,-0.18218588829040527,0.9587512612342834,175.34378170967102,226.32269382476807,0.6746391654014587,-0.4875066578388214,-0.10009069740772247,0.9922762513160706,492.59785652160645,232.17031002044678,-0.6131114363670349,-0.5504035949707031,-0.13672901690006256,0.9660281538963318,180.49811840057373,228.07969093322754,0.10018002986907959,0.012566419318318367,0.014461787417531013,0.999880313873291,354.269814491272,349.92908477783203,-0.09810750931501389,-0.017418649047613144,-0.0118556572124362,0.9998852014541626,314.67090368270874,345.9719467163086,0.3805575966835022,0.2835557460784912,-0.04891497269272804,0.9742955565452576,418.25350284576416,403.8020610809326,-0.4018584191799164,-0.00964866578578949,-0.1579403281211853,0.9928712248802185,234.20926809310913,361.50604248046875,0.6821641325950623,0.4979895353317261,0.05548988655209541,0.9661113619804382,482.5473403930664,449.01320457458496,-0.44780805706977844,0.399572491645813,-0.01929338276386261,0.9389592409133911,228.56693029403687,445.4074001312256,0.6906469464302063,0.5147207379341125,0.06737690418958664,0.8204338550567627,487.9606819152832,458.63465309143066,-0.45250219106674194,0.43368634581565857,-0.043661899864673615,0.877480149269104,236.41655445098877,459.1712951660156,0.7117056250572205,0.4758892357349396,0.00912912655621767,0.9380297660827637,494.76898670196533,460.76897621154785,-0.5200368762016296,0.44220271706581116,-0.07694219797849655,0.9030949473381042,194.54233646392822,459.1062068939209
72,0.3,-0.11980680376291275,-0.6067800521850586,-0.20121827721595764,0.9998496174812317,308.1217432022095,210.950288772583,-0.09593527764081955,-0.6210459470748901,-0.21151235699653625,0.9989466667175293,312.5395131111145,204.22021865844727,-0.09542613476514816,-0.622144341468811,-0.20655009150505066,0.9988547563552856,314.88290548324585,203.97135257720947,-0.09645596146583557,-0.6243718266487122,-0.20839056372642517,0.9989796876907349,317.0996332168579,203.77299785614014,-0.10321663320064545,-0.6325682997703552,-0.20985402166843414,0.9992110729217529,310.6460666656494,204.32435989379883,-0.10130546241998672,-0.6325619220733643,-0.21795359253883362,0.9993378520011902,311.3897466659546,204.15335655212402,-0.0976157858967781,-0.6205026507377625,-0.19980370998382568,0.9993994235992432,312.1347999572754,203.9094114303589,0.01485791802406311,-0.5939586162567139,-0.19317708909511566,0.9993292689323425,329.4740581512451,205.22212028503418,-0.05177425593137741,-0.5610170960426331,-0.10011210292577744,0.9992332458496094,322.47806310653687,205.5717372894287,-0.05787692219018936,-0.5893703699111938,-0.18623052537441254,0.9996513724327087,314.3924903869629,217.78465747833252,-0.0754804015159607,-0.5570384860038757,-0.1871473491191864,0.9995219111442566,312.04506397247314,217.94039726257324,0.18986894190311432,-0.47174525260925293,-0.06406375020742416,0.9998443722724915,370.0424909591675,236.76435470581055,-0.10869965702295303,-0.5309642553329468,0.02689078077673912,0.9997151494026184,303.5524821281433,243.00868034362793,0.44450807571411133,-0.5167475342750549,-0.09407351911067963,0.9978445172309875,426.71936988830566,239.67895030975342,-0.36568766832351685,-0.4843434691429138,-0.0065164524130523205,0.9880046844482422,246.21253967285156,234.29833889007568,0.662747859954834,-0.5059056878089905,-0.08027974516153336,0.9971587061882019,479.8942708969116,232.215256690979,-0.610059916973114,-0.5389541983604431,-0.11589716374874115,0.9800080060958862,192.13229656219482,228.55031490325928,0.7152757048606873,-0.5245962738990784,-0.06779938191175461,0.9927159547805786,494.9671268463135,232.71602153778076,-0.6412369608879089,-0.5654576420783997,-0.14963465929031372,0.9557820558547974,176.2589728832245,226.5778684616089,0.7068704962730408,-0.528186559677124,-0.10838718712329865,0.9935154318809509,497.4378490447998,231.12037181854248,-0.6188843846321106,-0.6072653532028198,-0.1823042780160904,0.9587788581848145,174.77541089057922,226.03204250335693,0.6745808124542236,-0.48752114176750183,-0.100572869181633,0.9922120571136475,491.79808616638184,231.73115730285645,-0.6131286025047302,-0.5505623817443848,-0.1368737369775772,0.9660141468048096,179.84893798828125,227.80125617980957,0.10018014907836914,0.012557697482407093,0.014462288469076157,0.999881386756897,353.84424448013306,349.6835231781006,-0.09810645878314972,-0.017404189333319664,-0.011855825781822205,0.9998859763145447,314.30017948150635,345.6570053100586,0.38057878613471985,0.2835608720779419,-0.04891562834382057,0.9736053943634033,418.16908836364746,403.50391387939453,-0.40182825922966003,-0.009615461342036724,-0.15790608525276184,0.9926454424858093,233.68207454681396,361.20423316955566,0.6821702718734741,0.4979625344276428,0.05554866045713425,0.9653264284133911,482.53528118133545,448.47132682800293,-0.4478292465209961,0.39953845739364624,-0.01917317695915699,0.9376839995384216,228.13455820083618,444.9055767059326,0.6906548142433167,0.5146854519844055,0.06744474172592163,0.8173466920852661,488.1247043609619,458.2606029510498,-0.45252180099487305,0.43363210558891296,-0.0435151681303978,0.8754974603652954,236.0779309272766,458.7111282348633,0.7117180228233337,0.47575643658638,0.009236020036041737,0.9370095133781433,494.5431661605835,460.39624214172363,-0.5200526118278503,0.4419144093990326,-0.07676003128290176,0.9016602039337158,194.63683605194092,458.7201976776123
73,0.30416666666666664,-0.11982550472021103,-0.6067625880241394,-0.2025894671678543,0.9998546838760376,307.92699337005615,210.43554782867432,-0.09593332558870316,-0.6209996938705444,-0.21295368671417236,0.9989813566207886,312.4717712402344,203.67101669311523,-0.09542709589004517,-0.6220917701721191,-0.2080000340938568,0.9988912343978882,314.7574853897095,203.43210697174072,-0.09645824879407883,-0.624324381351471,-0.20982149243354797,0.9990100860595703,316.9904565811157,203.2494592666626,-0.10321217030286789,-0.6325334906578064,-0.21131429076194763,0.9992401003837585,310.5367183685303,203.7537717819214,-0.1012982651591301,-0.63252854347229,-0.21942541003227234,0.9993628859519958,311.30181312561035,203.5654878616333,-0.09760483354330063,-0.62047278881073,-0.20123834908008575,0.9994226098060608,312.0332622528076,203.3065938949585,0.014869533479213715,-0.593771755695343,-0.19461709260940552,0.9993451833724976,329.53808784484863,204.75946426391602,-0.05171598121523857,-0.5609215497970581,-0.10164183378219604,0.9992629289627075,322.45495319366455,205.03671169281006,-0.057901959866285324,-0.5893078446388245,-0.1875535249710083,0.9996607303619385,314.2447757720947,217.33444690704346,-0.07548066228628159,-0.5569949150085449,-0.18855705857276917,0.9995372295379639,311.88443183898926,217.50430583953857,0.18991272151470184,-0.4715034067630768,-0.06480497866868973,0.9998454451560974,370.0841188430786,236.203293800354,-0.10870935022830963,-0.5308583974838257,0.025310222059488297,0.9997223615646362,303.41352224349976,242.52599716186523,0.44450104236602783,-0.5165046453475952,-0.0947314202785492,0.9978523254394531,427.01428413391113,239.10997867584229,-0.36560338735580444,-0.484175443649292,-0.00791812501847744,0.9882932901382446,246.25354528427124,233.66673946380615,0.6628430485725403,-0.505665123462677,-0.08120187371969223,0.9971797466278076,480.2520561218262,231.6798448562622,-0.6100090742111206,-0.538806676864624,-0.11702172458171844,0.9806351661682129,192.22561597824097,228.06522846221924,0.7154309749603271,-0.5243964791297913,-0.06855447590351105,0.9927651882171631,495.19131660461426,232.21113681793213,-0.6411916017532349,-0.5653451085090637,-0.15088704228401184,0.9569540619850159,176.5675663948059,226.1528205871582,0.7070855498313904,-0.5280256271362305,-0.10934445261955261,0.9935654401779175,497.71087646484375,230.5647897720337,-0.6188578009605408,-0.6071956753730774,-0.18358607590198517,0.9598824381828308,175.0744664669037,225.52871704101562,0.6747050881385803,-0.4873034656047821,-0.10152512043714523,0.992264986038208,492.0760488510132,231.25037670135498,-0.6130713820457458,-0.5504245162010193,-0.13803204894065857,0.9668368101119995,180.11775970458984,227.21068382263184,0.10020918399095535,0.012551954947412014,0.014526447281241417,0.9998818039894104,353.7227511405945,348.9709281921387,-0.0981312021613121,-0.017396023496985435,-0.011922244913876057,0.9998866319656372,314.1461777687073,345.0365352630615,0.3806438446044922,0.2835662364959717,-0.04850553721189499,0.9734867215156555,417.9375171661377,402.80322074890137,-0.4018194079399109,-0.008992443792521954,-0.15843024849891663,0.9927179217338562,233.67340564727783,360.92485427856445,0.6822546124458313,0.4980900287628174,0.05586044117808342,0.9658249616622925,482.7978801727295,447.7536678314209,-0.4475225508213043,0.40018975734710693,-0.019252875819802284,0.9379715323448181,228.26366901397705,444.58362579345703,0.6907212734222412,0.5148294568061829,0.06771083176136017,0.817980170249939,488.00557136535645,457.67786979675293,-0.45218732953071594,0.4342495799064636,-0.043556805700063705,0.8752757906913757,236.17558479309082,458.3518409729004,0.7117164134979248,0.4757730960845947,0.009248699061572552,0.9381298422813416,494.41163063049316,459.8301315307617,-0.5195538997650146,0.44224584102630615,-0.07703763246536255,0.902660608291626,194.66391563415527,458.4492874145508
74,0.30833333333333335,-0.11970356106758118,-0.6071034073829651,-0.20219406485557556,0.9998568296432495,308.057005405426,209.3799591064453,-0.0958196148276329,-0.6212655305862427,-0.21246635913848877,0.9989956021308899,312.6867985725403,202.64089107513428,-0.09531405568122864,-0.6223556995391846,-0.20751699805259705,0.9989059567451477,314.93167877197266,202.43086338043213,-0.09634752571582794,-0.6245936751365662,-0.20934844017028809,0.9990224838256836,317.125768661499,202.28370666503906,-0.10306374728679657,-0.6328206658363342,-0.21097616851329803,0.9992544054985046,310.79721450805664,202.72202968597412,-0.10115448385477066,-0.6328207850456238,-0.21908441185951233,0.9993752241134644,311.59024715423584,202.55653381347656,-0.09745507687330246,-0.6207752823829651,-0.20089663565158844,0.9994344711303711,312.323477268219,202.33529090881348,0.014864320866763592,-0.5938305854797363,-0.19406922161579132,0.9993528127670288,329.5383882522583,203.9381504058838,-0.05168531835079193,-0.5610496401786804,-0.10158581286668777,0.9992800354957581,322.53374576568604,204.20242309570312,-0.057859860360622406,-0.5895599126815796,-0.1871529370546341,0.9996671676635742,314.34212923049927,216.35640621185303,-0.07538808137178421,-0.5572763681411743,-0.18832843005657196,0.9995477199554443,312.0652770996094,216.50503635406494,0.18990258872509003,-0.47149866819381714,-0.06453034281730652,0.9998461604118347,370.2501153945923,235.47712326049805,-0.10871921479701996,-0.530914306640625,0.025299498811364174,0.9997265338897705,303.26138734817505,241.93734169006348,0.4444899260997772,-0.5164434313774109,-0.09433914721012115,0.997858464717865,427.03763008117676,238.4124755859375,-0.3656100034713745,-0.48417383432388306,-0.007962211966514587,0.988508403301239,246.0514998435974,232.95404434204102,0.6628208756446838,-0.5056384801864624,-0.0809246152639389,0.997204601764679,479.92345333099365,231.06305122375488,-0.6100218892097473,-0.5387799739837646,-0.11704514920711517,0.9812456965446472,192.1631956100464,227.31084823608398,0.7153812646865845,-0.5243808031082153,-0.06824514269828796,0.9928330779075623,494.9887990951538,231.59183979034424,-0.6412111520767212,-0.5653303861618042,-0.15093301236629486,0.9582393169403076,176.41918659210205,225.42649269104004,0.7070003747940063,-0.5280279517173767,-0.10904059559106827,0.9936255216598511,497.4704647064209,229.8590898513794,-0.6188714504241943,-0.6071889996528625,-0.18365542590618134,0.9610689282417297,174.9784541130066,224.7495174407959,0.6746663451194763,-0.4872976243495941,-0.10125664621591568,0.9923325777053833,491.7631959915161,230.5823564529419,-0.6130878925323486,-0.5504018664360046,-0.13805434107780457,0.9677432775497437,180.01699447631836,226.41602039337158,0.10021386295557022,0.012546559795737267,0.014573072083294392,0.999881386756897,353.86462926864624,348.12503814697266,-0.09813321381807327,-0.017387229949235916,-0.011969373561441898,0.9998863935470581,314.2911672592163,344.26013946533203,0.38066455721855164,0.2835477590560913,-0.04755237698554993,0.9739024639129639,417.88408756256104,401.97784423828125,-0.40169116854667664,-0.008992559276521206,-0.15938860177993774,0.9929067492485046,233.80584239959717,360.20373344421387,0.6822544932365417,0.4981439411640167,0.05614830553531647,0.9667431116104126,483.24625968933105,447.15768814086914,-0.4474339485168457,0.40018874406814575,-0.01964806765317917,0.9390348792076111,228.36924076080322,443.99425506591797,0.6907188892364502,0.5149029493331909,0.06794050335884094,0.8209460973739624,488.0613613128662,457.1418571472168,-0.4521242678165436,0.4342481195926666,-0.04389456287026405,0.8768937587738037,236.3329553604126,457.6233100891113,0.7117156386375427,0.4757486879825592,0.009324735030531883,0.9396186470985413,493.83235931396484,459.0905570983887,-0.519565224647522,0.44216808676719666,-0.07745397090911865,0.9042304158210754,194.83521223068237,457.88838386535645
75,0.3125,-0.11971500515937805,-0.6071110963821411,-0.2022431194782257,0.999860405921936,308.1542944908142,208.2914686203003,-0.09582677483558655,-0.6212828159332275,-0.212515190243721,0.9990212321281433,312.78192043304443,201.4759397506714,-0.0953221544623375,-0.6223719120025635,-0.20756520330905914,0.9989320039749146,315.02474069595337,201.2568712234497,-0.0963558703660965,-0.6246110796928406,-0.20939652621746063,0.9990463852882385,317.2313618659973,201.0979127883911,-0.10307179391384125,-0.632862389087677,-0.21102385222911835,0.9992749691009521,310.7841897010803,201.5744161605835,-0.1011616513133049,-0.6328665614128113,-0.21913476288318634,0.9993918538093567,311.5592408180237,201.40601634979248,-0.09746088832616806,-0.6208229660987854,-0.2009468823671341,0.999450147151947,312.2744035720825,201.1809253692627,0.01485781092196703,-0.5938343405723572,-0.19410379230976105,0.9993651509284973,329.745090007782,202.72384643554688,-0.05169045925140381,-0.5611236691474915,-0.1016225591301918,0.9992988109588623,322.4767756462097,203.03359508514404,-0.05788690969347954,-0.5895659923553467,-0.18720096349716187,0.9996737837791443,314.50737476348877,215.2759838104248,-0.07541517913341522,-0.5573055744171143,-0.18837331235408783,0.9995579719543457,312.15383291244507,215.41560173034668,0.18988391757011414,-0.4714799225330353,-0.06451980024576187,0.9998460412025452,370.2680969238281,234.6719455718994,-0.1088453158736229,-0.5309171676635742,0.025273825973272324,0.9997285008430481,303.2143306732178,241.12730026245117,0.4444819688796997,-0.5163941979408264,-0.09428507834672928,0.9978631138801575,427.0062589645386,237.49411582946777,-0.3656693994998932,-0.48414790630340576,-0.008004573173820972,0.9886384010314941,246.19449377059937,231.8972110748291,0.6628209352493286,-0.5056126117706299,-0.08092506974935532,0.997236430644989,479.8140621185303,230.18221378326416,-0.6100543737411499,-0.5387688875198364,-0.11707708984613419,0.9816492795944214,192.17405319213867,226.3260841369629,0.7153790593147278,-0.5243669748306274,-0.06824349611997604,0.9929093718528748,494.9299192428589,230.68674087524414,-0.641240119934082,-0.5653325915336609,-0.15095378458499908,0.9590460062026978,176.43435716629028,224.5079755783081,0.7069931030273438,-0.5280247330665588,-0.10904552042484283,0.9936932921409607,497.3514175415039,228.9410161972046,-0.618896484375,-0.6071963906288147,-0.18367397785186768,0.9618192315101624,174.91804003715515,223.85955333709717,0.6746662855148315,-0.48728200793266296,-0.10125868022441864,0.9924036860466003,491.6680097579956,229.66097831726074,-0.6131075024604797,-0.5503955483436584,-0.13808752596378326,0.9682945013046265,179.9717080593109,225.46996593475342,0.100218765437603,0.012540013529360294,0.014585897326469421,0.9998814463615417,354.092960357666,347.2326850891113,-0.09813570976257324,-0.017375951632857323,-0.01198171079158783,0.9998863339424133,314.4797372817993,343.3926486968994,0.3807055652141571,0.28355056047439575,-0.04725393280386925,0.9738677740097046,418.1604194641113,401.15172386169434,-0.40170156955718994,-0.00892395619302988,-0.1597818285226822,0.9929251670837402,233.9132595062256,359.4419860839844,0.6822667121887207,0.4981273114681244,0.05649075284600258,0.9669753313064575,483.62473011016846,446.32884979248047,-0.4473351538181305,0.40017393231391907,-0.01964791677892208,0.9389894008636475,228.41430187225342,443.1329154968262,0.6907259225845337,0.5148898959159851,0.06826450675725937,0.8214799165725708,488.3473062515259,456.3119888305664,-0.45203158259391785,0.4342183470726013,-0.043879274278879166,0.8771139979362488,236.3869857788086,456.7661762237549,0.7117215991020203,0.4753856956958771,0.009557376615703106,0.9400544762611389,494.14851665496826,458.30846786499023,-0.5195944309234619,0.44185274839401245,-0.07741629332304001,0.9044189453125,195.0340175628662,456.95817947387695
76,0.31666666666666665,-0.11986983567476273,-0.6070718169212341,-0.20262880623340607,0.9998618960380554,308.14770698547363,206.9992733001709,-0.0958530455827713,-0.6212562322616577,-0.21297942101955414,0.9990293383598328,312.8153729438782,200.16880989074707,-0.09535188972949982,-0.622343897819519,-0.20803266763687134,0.9989408850669861,315.02021312713623,199.96493339538574,-0.09638744592666626,-0.6245841979980469,-0.20984892547130585,0.9990524649620056,317.2147536277771,199.8239278793335,-0.10308953374624252,-0.6328400373458862,-0.21139119565486908,0.9992825388908386,310.8299160003662,200.26252269744873,-0.1011795699596405,-0.6328470706939697,-0.2195131629705429,0.9993997812271118,311.6201376914978,200.0932216644287,-0.09747575968503952,-0.6208016276359558,-0.20131617784500122,0.9994572401046753,312.3393774032593,199.8764133453369,0.014852173626422882,-0.5937814712524414,-0.19492579996585846,0.9993687272071838,329.7257351875305,201.51736736297607,-0.05164265260100365,-0.5611460208892822,-0.1020054891705513,0.999309778213501,322.5787425041199,201.8095350265503,-0.05806596577167511,-0.5895553231239319,-0.18771076202392578,0.9996753334999084,314.4697165489197,214.04404163360596,-0.07552704960107803,-0.5572834014892578,-0.18878388404846191,0.9995620250701904,312.1793460845947,214.15318965911865,0.1898292601108551,-0.4712550640106201,-0.06517884135246277,0.9998448491096497,370.1278066635132,233.75327110290527,-0.10889244079589844,-0.530882716178894,0.02472987212240696,0.9997301697731018,303.3589553833008,240.05939483642578,0.4444592297077179,-0.5159658789634705,-0.0950397178530693,0.9978566765785217,427.1036767959595,236.38107776641846,-0.3656465411186218,-0.4837739169597626,-0.008416854776442051,0.9886556267738342,246.50745391845703,230.70124626159668,0.6627854704856873,-0.5054404139518738,-0.0820126011967659,0.9972278475761414,479.9734926223755,229.19434547424316,-0.6100675463676453,-0.5384232997894287,-0.11747641861438751,0.9819318056106567,192.39294290542603,225.27929306030273,0.7153539657592773,-0.5242376327514648,-0.06935335695743561,0.9929085373878479,495.07952213287354,229.6647834777832,-0.6412584781646729,-0.5650746822357178,-0.15135648846626282,0.9596751928329468,176.73065543174744,223.59156131744385,0.7069595456123352,-0.5279729962348938,-0.11010069400072098,0.9936937093734741,497.49363899230957,227.90798664093018,-0.6189427971839905,-0.6070104241371155,-0.18414011597633362,0.9624298810958862,175.15510439872742,222.86593437194824,0.6746348142623901,-0.487171471118927,-0.10232118517160416,0.9924013018608093,491.8406581878662,228.63620281219482,-0.6131315231323242,-0.5500760674476624,-0.13852445781230927,0.9687983989715576,180.22451162338257,224.3638515472412,0.10022623836994171,0.012538449838757515,0.014604177325963974,0.9998809099197388,354.1884684562683,346.2073802947998,-0.09814126789569855,-0.01737360842525959,-0.012001033872365952,0.9998858571052551,314.52303886413574,342.40513801574707,0.38072752952575684,0.28360888361930847,-0.047187015414237976,0.9732087850570679,418.3719062805176,400.26246070861816,-0.4017307758331299,-0.008821901865303516,-0.15973341464996338,0.9927182793617249,233.87476444244385,358.59317779541016,0.6823203563690186,0.4981347918510437,0.05678331106901169,0.9662873148918152,483.769268989563,445.3680896759033,-0.44734513759613037,0.40018129348754883,-0.019356556236743927,0.9373573660850525,228.21935892105103,442.0209789276123,0.6907848715782166,0.514900803565979,0.0685751661658287,0.8189269304275513,488.4088468551636,455.2103519439697,-0.4520402252674103,0.43421879410743713,-0.04352585971355438,0.8746219277381897,236.18337392807007,455.8451843261719,0.7117827534675598,0.47536346316337585,0.009725545533001423,0.9391689896583557,494.7199773788452,457.3791790008545,-0.5196212530136108,0.4418295919895172,-0.07715312391519547,0.9024094343185425,194.9026107788086,455.993070602417
77,0.32083333333333336,-0.119879350066185,-0.6070600152015686,-0.20284123718738556,0.9998606443405151,308.2051706314087,205.52292823791504,-0.09586009383201599,-0.6212230324745178,-0.21322165429592133,0.9990198016166687,313.02576541900635,198.68986129760742,-0.09535954147577286,-0.6223070025444031,-0.20827800035476685,0.9989284873008728,315.20665884017944,198.50865840911865,-0.09639522433280945,-0.6245493292808533,-0.21008814871311188,0.9990400075912476,317.41179943084717,198.37490558624268,-0.10309676826000214,-0.6328213810920715,-0.21160931885242462,0.9992786645889282,311.09386682510376,198.75339031219482,-0.10118600726127625,-0.6328295469284058,-0.21973203122615814,0.9993972778320312,311.91580295562744,198.5557222366333,-0.09747963398694992,-0.620786190032959,-0.20152929425239563,0.9994565844535828,312.65079259872437,198.32842826843262,0.014851397834718227,-0.5936935544013977,-0.19523002207279205,0.9993573427200317,330.00805377960205,200.09252071380615,-0.0515909306704998,-0.5611311793327332,-0.10224763303995132,0.9993104934692383,323.08331966400146,200.3281831741333,-0.058076161891222,-0.5895195603370667,-0.18792855739593506,0.9996722936630249,314.5521569252014,212.68338203430176,-0.07553862780332565,-0.557267963886261,-0.18900412321090698,0.9995604753494263,312.3082637786865,212.7422332763672,0.1898351013660431,-0.4711453914642334,-0.06525953114032745,0.9998425245285034,370.48988342285156,232.30344772338867,-0.1089024469256401,-0.5308152437210083,0.02423211559653282,0.9997305870056152,303.7662434577942,238.5622501373291,0.44444435834884644,-0.5157737135887146,-0.09508349746465683,0.9978396892547607,427.3163652420044,234.6683692932129,-0.36554640531539917,-0.4830435812473297,-0.008925152011215687,0.9887839555740356,246.89618110656738,229.04507160186768,0.6627389192581177,-0.5050825476646423,-0.08210226893424988,0.9972134828567505,480.19914150238037,227.76550769805908,-0.6099700331687927,-0.537513792514801,-0.1180550828576088,0.9822789430618286,192.94309616088867,223.93841743469238,0.715297281742096,-0.5238766670227051,-0.06937486678361893,0.992870569229126,495.24577617645264,228.18254470825195,-0.6411615610122681,-0.564308226108551,-0.15204471349716187,0.9603058099746704,177.30618238449097,222.39117622375488,0.7069004774093628,-0.5276373624801636,-0.11016678065061569,0.9936609864234924,497.65315532684326,226.35437965393066,-0.6188775300979614,-0.6063808798789978,-0.18481390178203583,0.9630300998687744,175.67503452301025,221.55977725982666,0.6745898723602295,-0.4868336021900177,-0.10240516066551208,0.9923528432846069,491.93108081817627,227.2261905670166,-0.6130337119102478,-0.5491994023323059,-0.13908620178699493,0.9692085385322571,180.7712745666504,222.97189235687256,0.10024703294038773,0.012535729445517063,0.014679133892059326,0.9998788833618164,354.32382345199585,344.54066276550293,-0.09815917909145355,-0.017368698492646217,-0.012078429572284222,0.9998839497566223,314.79297637939453,340.7977294921875,0.380763977766037,0.28361278772354126,-0.04693211242556572,0.9728512763977051,418.395037651062,398.50622177124023,-0.40174129605293274,-0.008420794270932674,-0.1598992496728897,0.9926549792289734,234.02398109436035,357.4233627319336,0.6824349164962769,0.4981614649295807,0.056844085454940796,0.9664065837860107,484.2051601409912,443.9092540740967,-0.4470808506011963,0.4002050757408142,-0.019139477983117104,0.9360303282737732,228.57287406921387,440.3418159484863,0.6908761262893677,0.5149345993995667,0.06861218810081482,0.8176655173301697,488.82821559906006,453.8033866882324,-0.451735258102417,0.43422600626945496,-0.043176718056201935,0.8719110488891602,236.63413524627686,454.16579246520996,0.7117497324943542,0.4752828776836395,0.009624522179365158,0.9393835663795471,494.599986076355,455.81817626953125,-0.5188460350036621,0.4418269395828247,-0.07691939920186996,0.900886595249176,195.63212871551514,454.817476272583
78,0.325,-0.11990208178758621,-0.6073567867279053,-0.20248685777187347,0.9998615384101868,308.4454107284546,203.43915939331055,-0.09586461633443832,-0.6214499473571777,-0.21285487711429596,0.9990280270576477,313.1898522377014,196.72601222991943,-0.0953652411699295,-0.6225355863571167,-0.20791414380073547,0.9989367723464966,315.4223299026489,196.5424633026123,-0.09640194475650787,-0.6247792840003967,-0.20972871780395508,0.999048113822937,317.6255178451538,196.41334533691406,-0.10308729112148285,-0.633105993270874,-0.21127134561538696,0.9992860555648804,311.3114261627197,196.802716255188,-0.1011776402592659,-0.63312166929245,-0.21938936412334442,0.9994034171104431,312.1444344520569,196.63583278656006,-0.09746680408716202,-0.6210862398147583,-0.20118790864944458,0.9994627833366394,312.9081130027771,196.44384384155273,0.014844006858766079,-0.593707263469696,-0.19503165781497955,0.999361515045166,330.20074367523193,198.19626331329346,-0.051517024636268616,-0.5612870454788208,-0.10212236642837524,0.9993174076080322,323.2167434692383,198.4599781036377,-0.05809788778424263,-0.5896949768066406,-0.1876552551984787,0.9996756315231323,314.7816467285156,210.60729503631592,-0.07555285841226578,-0.5575144290924072,-0.18877153098583221,0.999565839767456,312.5973415374756,210.68341255187988,0.18981143832206726,-0.4711119532585144,-0.06525559723377228,0.9998433589935303,370.8552646636963,230.3422451019287,-0.10891721397638321,-0.5308626890182495,0.024259526282548904,0.9997333884239197,303.91372203826904,236.75631523132324,0.44441887736320496,-0.5157440900802612,-0.09506005048751831,0.9978541731834412,427.43558406829834,232.78857707977295,-0.36555370688438416,-0.48308807611465454,-0.008939391933381557,0.9888778924942017,246.8686294555664,227.19547748565674,0.6626402139663696,-0.5050625205039978,-0.08199898153543472,0.9972409009933472,480.427622795105,225.85683345794678,-0.6099976301193237,-0.5375176668167114,-0.11809385567903519,0.9825776815414429,193.10181856155396,221.90372943878174,0.7151969075202942,-0.5238588452339172,-0.06921128183603287,0.9929314851760864,495.3068017959595,226.30635738372803,-0.6411958336830139,-0.5643128156661987,-0.15207095444202423,0.9609143137931824,177.377507686615,220.36354064941406,0.7067945003509521,-0.5276354551315308,-0.11001941561698914,0.9937137365341187,497.72860050201416,224.4428586959839,-0.6189324259757996,-0.6063838601112366,-0.18482689559459686,0.9635987281799316,175.86323976516724,219.5119285583496,0.6744880080223083,-0.4868243336677551,-0.10230246931314468,0.9924118518829346,492.1803331375122,225.2951145172119,-0.613070011138916,-0.5492011308670044,-0.1391250342130661,0.9696440100669861,180.99215984344482,220.92827796936035,0.10024844110012054,0.012525009922683239,0.014700915664434433,0.9998792409896851,354.65094566345215,342.59084701538086,-0.09815896302461624,-0.017351632937788963,-0.012099954299628735,0.9998842477798462,315.13582706451416,338.9578628540039,0.3807734549045563,0.283609539270401,-0.04654023051261902,0.97301185131073,418.53867530822754,396.5464782714844,-0.401411235332489,-0.008348927833139896,-0.1605815887451172,0.9927418231964111,234.46463584899902,355.5650997161865,0.6824240684509277,0.4981873333454132,0.0569942444562912,0.9668758511543274,484.4506788253784,442.13842391967773,-0.4465698003768921,0.4002019762992859,-0.019199782982468605,0.9363439679145813,229.0192151069641,438.5122489929199,0.6908612251281738,0.514966607093811,0.06874188780784607,0.8191714882850647,489.0250253677368,451.9918441772461,-0.4512438178062439,0.4342137277126312,-0.04320592060685158,0.8724848628044128,236.9910192489624,452.1932601928711,0.7117579579353333,0.4752354621887207,0.009647998958826065,0.9401683211326599,494.7834062576294,453.854398727417,-0.5183473229408264,0.4417203664779663,-0.07696099579334259,0.9014601707458496,196.04857921600342,452.9674243927002
79,0.32916666666666666,-0.11991953104734421,-0.6073636412620544,-0.2025180459022522,0.9998616576194763,308.689341545105,202.44167804718018,-0.09586916863918304,-0.6214404106140137,-0.21287013590335846,0.9990295767784119,313.3890652656555,195.81366062164307,-0.09537000954151154,-0.6225236654281616,-0.20792871713638306,0.9989387392997742,315.5983257293701,195.59991359710693,-0.09640666842460632,-0.624768853187561,-0.20974212884902954,0.9990495443344116,317.80091285705566,195.43102741241455,-0.10309351235628128,-0.6330952644348145,-0.2113221287727356,0.9992881417274475,311.55439138412476,195.84162712097168,-0.10118368268013,-0.633112907409668,-0.21943742036819458,0.9994054436683655,312.43700981140137,195.64059734344482,-0.09747172147035599,-0.6210760474205017,-0.20123308897018433,0.9994646906852722,313.23551416397095,195.40419101715088,0.014788982458412647,-0.5936830639839172,-0.19507093727588654,0.9993631839752197,330.61453342437744,197.16779708862305,-0.05152875557541847,-0.5612633228302002,-0.10230473428964615,0.9993206858634949,323.73035430908203,197.45206832885742,-0.05812012776732445,-0.5896950364112854,-0.18767757713794708,0.9996758103370667,315.0339674949646,209.65282917022705,-0.07555845379829407,-0.5575166940689087,-0.1888543665409088,0.9995657801628113,312.9315233230591,209.7164011001587,0.18981198966503143,-0.47107237577438354,-0.06527093052864075,0.9998427629470825,371.3139009475708,229.2885446548462,-0.10895587503910065,-0.5308212637901306,0.023945245891809464,0.999732255935669,304.31551694869995,235.47845363616943,0.44440895318984985,-0.5157424807548523,-0.0950772762298584,0.997840404510498,428.1449317932129,231.58362865447998,-0.36553889513015747,-0.4830518364906311,-0.009325413033366203,0.9888796210289001,247.16813564300537,225.97970008850098,0.6626415252685547,-0.5051099061965942,-0.0820862352848053,0.9971931576728821,481.0781764984131,224.64345932006836,-0.6099900007247925,-0.5375218987464905,-0.1183495745062828,0.9823915958404541,193.58450889587402,220.66286087036133,0.7151990532875061,-0.5239566564559937,-0.06927984207868576,0.9928168654441833,495.8182668685913,225.01044273376465,-0.6411974430084229,-0.5643333792686462,-0.15235678851604462,0.9604639410972595,177.86322355270386,219.07739639282227,0.7067967653274536,-0.5277878642082214,-0.11014869809150696,0.9936141967773438,498.30212116241455,223.26048374176025,-0.6189685463905334,-0.6064493656158447,-0.1851041615009308,0.9631486535072327,176.33808732032776,218.29509258270264,0.6744909286499023,-0.48689597845077515,-0.10242214798927307,0.9923061728477478,492.7730369567871,224.13582801818848,-0.613074541091919,-0.5492164492607117,-0.13938084244728088,0.9692590236663818,181.4782190322876,219.7040605545044,0.10025996714830399,0.012517748400568962,0.014734202064573765,0.9998800754547119,355.0189232826233,341.20508193969727,-0.09816784411668777,-0.01734194904565811,-0.012131678871810436,0.9998849630355835,315.4395818710327,337.7405261993408,0.38080814480781555,0.28362908959388733,-0.04646126180887222,0.9731377363204956,419.0086841583252,395.41760444641113,-0.40137478709220886,-0.00832402240484953,-0.16062387824058533,0.9928231835365295,234.93316411972046,354.24817085266113,0.6824946999549866,0.49819454550743103,0.05702158436179161,0.9670373797416687,484.82022285461426,440.9169101715088,-0.4464331567287445,0.4003075659275055,-0.019249534234404564,0.936903178691864,229.5772647857666,437.53326416015625,0.6909347772598267,0.514977216720581,0.0687650814652443,0.8194488286972046,489.2095184326172,450.56004524230957,-0.4511125683784485,0.43432825803756714,-0.04325731098651886,0.8732137084007263,237.47349500656128,451.2276363372803,0.7118229269981384,0.47525104880332947,0.009650488384068012,0.940407395362854,495.20813941955566,452.5425624847412,-0.518302857875824,0.44184908270835876,-0.07703258097171783,0.9021337032318115,196.62272214889526,451.796293258667
80,0.3333333333333333,-0.11989479511976242,-0.6075018048286438,-0.2021990269422531,0.9998646378517151,309.3086314201355,200.96786499023438,-0.09581608325242996,-0.6215515732765198,-0.21250681579113007,0.999050498008728,314.0898084640503,194.29349899291992,-0.09531635046005249,-0.622640073299408,-0.20756416022777557,0.9989607334136963,316.269006729126,194.1163730621338,-0.0963527113199234,-0.6248831152915955,-0.20938315987586975,0.9990699291229248,318.47082138061523,193.97706985473633,-0.10302115976810455,-0.6332325339317322,-0.21102146804332733,0.9993051290512085,312.24740982055664,194.2965602874756,-0.1011165976524353,-0.633250892162323,-0.21912240982055664,0.9994192719459534,313.11352729797363,194.08154010772705,-0.09740012139081955,-0.6212146282196045,-0.2009287029504776,0.9994776844978333,313.89177560806274,193.83500576019287,0.014790684916079044,-0.5937063097953796,-0.19456535577774048,0.9993752241134644,331.16507291793823,195.86331367492676,-0.05150727927684784,-0.5613502860069275,-0.10206516087055206,0.9993360638618469,324.4071078300476,196.0435152053833,-0.05812866985797882,-0.5897901058197021,-0.187334805727005,0.9996825456619263,315.58120250701904,208.23823928833008,-0.07554453611373901,-0.5576364398002625,-0.18857192993164062,0.9995754361152649,313.4401774406433,208.2875633239746,0.1898040771484375,-0.4710637331008911,-0.06486225873231888,0.9998441338539124,371.7720651626587,227.9468822479248,-0.10899734497070312,-0.5308241248130798,0.02426910027861595,0.9997349381446838,304.8006319999695,234.27433490753174,0.44439446926116943,-0.5157254934310913,-0.09434250742197037,0.997814416885376,428.54138374328613,230.33175945281982,-0.3655461072921753,-0.482947438955307,-0.008893457241356373,0.9887999296188354,247.69535064697266,224.71740245819092,0.6626165509223938,-0.5050685405731201,-0.08134043961763382,0.9971880912780762,481.3865661621094,223.49919319152832,-0.6100093722343445,-0.5374405384063721,-0.1179923340678215,0.9823979139328003,194.1074538230896,219.40900325775146,0.7151563763618469,-0.5239152312278748,-0.06856320798397064,0.992813229560852,496.15742683410645,223.83828163146973,-0.6412204504013062,-0.5642877221107483,-0.15200462937355042,0.9605798721313477,178.39213371276855,217.79133796691895,0.7067341208457947,-0.5277379751205444,-0.10944652557373047,0.9936105608940125,498.65389823913574,222.01768398284912,-0.6190018057823181,-0.6064009666442871,-0.18478739261627197,0.9632483720779419,176.84197783470154,217.105450630188,0.6744582653045654,-0.48685720562934875,-0.10168612003326416,0.9922946691513062,493.0911684036255,222.91673183441162,-0.6130982041358948,-0.5491434335708618,-0.13902722299098969,0.9693120121955872,181.96668148040771,218.53086948394775,0.10026219487190247,0.012515444308519363,0.014737247489392757,0.999882161617279,355.4024147987366,339.70261573791504,-0.09816837310791016,-0.017336510121822357,-0.012133955024182796,0.9998868703842163,315.97606658935547,336.4428234100342,0.3808056712150574,0.2835928499698639,-0.04644911736249924,0.9733747243881226,419.30068016052246,393.9539623260498,-0.40134575963020325,-0.008325866423547268,-0.16067443788051605,0.992876410484314,235.5217695236206,352.89087295532227,0.6824901103973389,0.498185932636261,0.056985847651958466,0.9675008654594421,485.26933193206787,439.56607818603516,-0.446409672498703,0.40030577778816223,-0.019224360585212708,0.9376839399337769,230.11115312576294,436.3209915161133,0.6909247040748596,0.514973521232605,0.0687098428606987,0.8206232190132141,489.63897228240967,449.34064865112305,-0.45110884308815,0.43432632088661194,-0.043236758559942245,0.8744798302650452,237.9801106452942,449.88269805908203,0.7117326855659485,0.47520968317985535,0.009506311267614365,0.9413478374481201,495.20668029785156,451.2356758117676,-0.5183171629905701,0.4418308734893799,-0.0770014077425003,0.9035046100616455,197.02046155929565,450.5159282684326
81,0.3375,-0.11990927904844284,-0.60762619972229,-0.20223362743854523,0.99986732006073,309.8792767524719,199.56257343292236,-0.09582164883613586,-0.6216431856155396,-0.21254298090934753,0.9990688562393188,314.68124628067017,192.87480354309082,-0.09532243758440018,-0.6227280497550964,-0.2075994908809662,0.9989808797836304,316.8251895904541,192.7038860321045,-0.09635888040065765,-0.6249758005142212,-0.2094174176454544,0.9990878701210022,319.01711225509644,192.55080699920654,-0.10302795469760895,-0.6333386301994324,-0.21104440093040466,0.9993192553520203,312.8656268119812,192.8788661956787,-0.10112261772155762,-0.6333621144294739,-0.21914853155612946,0.9994310736656189,313.73706579208374,192.6666784286499,-0.09740472584962845,-0.6213237643241882,-0.20095610618591309,0.999488115310669,314.50700998306274,192.43098735809326,0.014766023494303226,-0.5937055945396423,-0.19459064304828644,0.9993880987167358,331.75039529800415,194.50368404388428,-0.05150118097662926,-0.5613685250282288,-0.10216062515974045,0.999350368976593,325.01296520233154,194.74934577941895,-0.058141227811574936,-0.5898612141609192,-0.18735934793949127,0.9996883869171143,316.12478971481323,206.889066696167,-0.07555481791496277,-0.5577306151390076,-0.1885892152786255,0.9995831847190857,314.062557220459,206.93846225738525,0.18979637324810028,-0.4710404872894287,-0.06489711999893188,0.9998451471328735,372.40193367004395,226.74622535705566,-0.1090109571814537,-0.5308113694190979,0.024092579260468483,0.9997357130050659,305.4256081581116,233.05655479431152,0.44443750381469727,-0.5156915187835693,-0.09441407769918442,0.9978128671646118,429.24631118774414,228.97989749908447,-0.36553066968917847,-0.4828951954841614,-0.009183460846543312,0.9888036251068115,248.38510751724243,223.46174240112305,0.6626713871955872,-0.5050621032714844,-0.08161886036396027,0.9971680045127869,482.2880029678345,222.10756301879883,-0.6100224852561951,-0.537445068359375,-0.11820492893457413,0.9822097420692444,194.70449209213257,218.08626651763916,0.7152150869369507,-0.5239147543907166,-0.06884961575269699,0.9927668571472168,497.0036315917969,222.4901819229126,-0.6412421464920044,-0.564292311668396,-0.15219926834106445,0.9601602554321289,179.06713843345642,216.52074337005615,0.7067769169807434,-0.5277402997016907,-0.10979104042053223,0.9935682415962219,499.50950145721436,220.76218128204346,-0.6190400123596191,-0.60642409324646,-0.1849881261587143,0.9628304839134216,177.5088393688202,215.77019691467285,0.6745110750198364,-0.4868568480014801,-0.10200712829828262,0.9922488927841187,493.92685890197754,221.67174339294434,-0.613122284412384,-0.5491470694541931,-0.1392369121313095,0.9689865112304688,182.6180934906006,217.11984157562256,0.100263811647892,0.012506643310189247,0.014751105569303036,0.9998835921287537,355.99835872650146,338.3294677734375,-0.09816887229681015,-0.017323985695838928,-0.012147564440965652,0.9998881220817566,316.5236234664917,335.18643379211426,0.38080286979675293,0.28355827927589417,-0.046452686190605164,0.9735619425773621,419.83866691589355,392.6041030883789,-0.40123113989830017,-0.008329460397362709,-0.16067039966583252,0.9929400086402893,236.1880087852478,351.5929126739502,0.682517945766449,0.49803629517555237,0.056983545422554016,0.9676298499107361,485.69462299346924,438.0553722381592,-0.446208655834198,0.4003203213214874,-0.01925123669207096,0.9382456541061401,230.82771062850952,435.1999282836914,0.6909509301185608,0.5148060321807861,0.06870630383491516,0.8206982016563416,489.98512744903564,447.7177619934082,-0.45092517137527466,0.43434256315231323,-0.04327099770307541,0.8753944635391235,238.7216877937317,448.8101863861084,0.711723804473877,0.4749397039413452,0.009483564645051956,0.941577136516571,495.65978050231934,449.86072540283203,-0.5182669162750244,0.44183728098869324,-0.07699393481016159,0.9043092131614685,197.6763153076172,449.4011878967285
82,0.3416666666666667,-0.11986564099788666,-0.6077290177345276,-0.20175917446613312,0.9998723268508911,310.39217948913574,198.7023639678955,-0.09578458219766617,-0.6217149496078491,-0.21194954216480255,0.999104917049408,315.1629066467285,192.0404863357544,-0.09528415650129318,-0.6228052973747253,-0.20700517296791077,0.9990188479423523,317.336483001709,191.84264659881592,-0.09632161259651184,-0.6250478029251099,-0.20883721113204956,0.9991232752799988,319.51048851013184,191.6663932800293,-0.10298378020524979,-0.6334180235862732,-0.21056178212165833,0.999346137046814,313.35290908813477,192.05533504486084,-0.10108307003974915,-0.6334432363510132,-0.2186521738767624,0.9994526505470276,314.2402696609497,191.85381889343262,-0.09735969454050064,-0.6213992238044739,-0.2004750669002533,0.9995079636573792,315.03034114837646,191.62426471710205,0.014760390855371952,-0.5937153100967407,-0.19370892643928528,0.9994108080863953,332.26205348968506,193.4749460220337,-0.05150430649518967,-0.5613870620727539,-0.1017923504114151,0.9993733763694763,325.53749799728394,193.82078647613525,-0.058123450726270676,-0.5899385809898376,-0.186856210231781,0.9996997117996216,316.64215564727783,205.99496841430664,-0.07552477717399597,-0.557813286781311,-0.18818184733390808,0.9995982050895691,314.6010160446167,206.0267972946167,0.18978852033615112,-0.47103816270828247,-0.06438539922237396,0.9998486042022705,373.0154514312744,226.01192951202393,-0.10904029756784439,-0.5308187007904053,0.024461695924401283,0.999742329120636,305.90686082839966,232.02195167541504,0.44442522525787354,-0.5157917141914368,-0.09368114173412323,0.9978108406066895,429.66044425964355,228.02895069122314,-0.3655399680137634,-0.483013391494751,-0.008867432363331318,0.9889525175094604,248.78578662872314,222.53658771514893,0.6626573204994202,-0.5052098035812378,-0.08082900196313858,0.9971830248832703,482.64445781707764,221.05728149414062,-0.6100407242774963,-0.537538468837738,-0.11801571398973465,0.9825121164321899,195.2120304107666,217.1041202545166,0.7151755094528198,-0.5240609049797058,-0.06810414046049118,0.992805004119873,497.37120151519775,221.44050121307373,-0.6412621736526489,-0.5643684267997742,-0.15204113721847534,0.960820198059082,179.51006770133972,215.532488822937,0.7067038416862488,-0.5278396010398865,-0.10909109562635422,0.9936015009880066,499.8475456237793,219.7875165939331,-0.6190786957740784,-0.6064465641975403,-0.18482543528079987,0.9634250402450562,178.0111849308014,214.6800184249878,0.6744865775108337,-0.48699048161506653,-0.10124991089105606,0.9922900795936584,494.2594528198242,220.64435005187988,-0.6131473779678345,-0.5492149591445923,-0.13904695212841034,0.9694390892982483,183.12827110290527,216.06142044067383,0.10026388615369797,0.01249872799962759,0.014751638285815716,0.9998868107795715,356.52065992355347,337.3402976989746,-0.0981677919626236,-0.0173096414655447,-0.012147145345807076,0.9998912811279297,316.9898772239685,334.13060188293457,0.3808286190032959,0.2835076153278351,-0.046622082591056824,0.9739795923233032,420.3211212158203,391.6464042663574,-0.4012403190135956,-0.008253560401499271,-0.16064390540122986,0.993009626865387,236.7006754875183,350.4202079772949,0.6825169920921326,0.49784666299819946,0.05698423460125923,0.9678253531455994,486.06725692749023,436.83483123779297,-0.44621241092681885,0.4003353714942932,-0.019070638343691826,0.9391582608222961,231.2135410308838,434.2583656311035,0.6909509897232056,0.5145983099937439,0.06870986521244049,0.8223012685775757,490.2788829803467,446.38529777526855,-0.45093613862991333,0.4343571662902832,-0.043080344796180725,0.8771166205406189,239.1016387939453,447.7760410308838,0.7118416428565979,0.47473305463790894,0.009599308483302593,0.9420956969261169,496.2066078186035,448.8149070739746,-0.518420398235321,0.44183608889579773,-0.07666260004043579,0.9056644439697266,198.1335997581482,448.50497245788574
83,0.3458333333333333,-0.11986491829156876,-0.607846736907959,-0.20167939364910126,0.9998758435249329,310.99441051483154,197.87139415740967,-0.09576455503702164,-0.6217899918556213,-0.2118483930826187,0.999129593372345,315.8064866065979,191.23446464538574,-0.09526536613702774,-0.6228830814361572,-0.20690034329891205,0.9990442991256714,317.9665231704712,191.03410720825195,-0.09630399197340012,-0.6251232028007507,-0.20874075591564178,0.9991469979286194,320.14602184295654,190.85955619812012,-0.10295138508081436,-0.6335182189941406,-0.21049149334430695,0.9993654489517212,314.00063037872314,191.227068901062,-0.10105207562446594,-0.6335486769676208,-0.21858318150043488,0.9994683861732483,314.885094165802,191.01317882537842,-0.09732449054718018,-0.6215000152587891,-0.20040833950042725,0.9995227456092834,315.6699728965759,190.76056480407715,0.014756276272237301,-0.5937118530273438,-0.1936187893152237,0.9994262456893921,332.80373096466064,192.719464302063,-0.051490433514118195,-0.5614051222801208,-0.10179418325424194,0.9993910193443298,326.1651349067688,192.9805040359497,-0.058141279965639114,-0.5899957418441772,-0.1868014633655548,0.9997075796127319,317.2045612335205,205.143084526062,-0.07552393525838852,-0.5579008460044861,-0.1881514936685562,0.9996092319488525,315.1343035697937,205.16007900238037,0.18975579738616943,-0.4709630608558655,-0.064401775598526,0.9998502731323242,373.52588653564453,225.37709712982178,-0.10907293856143951,-0.5308147072792053,0.02445528656244278,0.999747097492218,306.36444568634033,231.21029376983643,0.4444153904914856,-0.5158025622367859,-0.09370101988315582,0.9978059530258179,430.11852264404297,227.23124027252197,-0.3655468821525574,-0.48303061723709106,-0.008895482867956161,0.9890939593315125,249.26259756088257,221.8297290802002,0.6626282334327698,-0.5052483677864075,-0.08089123666286469,0.9971687197685242,483.2466459274292,220.1907777786255,-0.6100558042526245,-0.5375556349754333,-0.11802835762500763,0.9827113151550293,195.7506823539734,216.33534908294678,0.7151366472244263,-0.5240861773490906,-0.06818582117557526,0.992771327495575,498.01029682159424,220.60945987701416,-0.6412760019302368,-0.5643787384033203,-0.15205764770507812,0.9612250924110413,180.02401113510132,214.79693412780762,0.7066478729248047,-0.5278515815734863,-0.10916784405708313,0.9935699701309204,500.49221992492676,219.02388095855713,-0.6191065907478333,-0.6064556241035461,-0.18485698103904724,0.9637923836708069,178.5835576057434,213.85534286499023,0.6744532585144043,-0.4870249330997467,-0.10131727904081345,0.9922603368759155,494.86082553863525,219.85997200012207,-0.6131675243377686,-0.5492239594459534,-0.13906416296958923,0.969738245010376,183.69597673416138,215.2477741241455,0.10026185214519501,0.012491433881223202,0.014752296730875969,0.9998891949653625,357.0613718032837,336.4797592163086,-0.09816423058509827,-0.017296627163887024,-0.012147114612162113,0.9998937845230103,317.5254821777344,333.31360816955566,0.38082918524742126,0.2834395468235016,-0.046704769134521484,0.9739695191383362,420.8375644683838,390.77625274658203,-0.40125784277915955,-0.00818687118589878,-0.16053225100040436,0.9929648637771606,237.22525119781494,349.5234489440918,0.6824564337730408,0.49768635630607605,0.05700300633907318,0.9674664735794067,486.48735523223877,435.9041690826416,-0.4462258815765381,0.40035659074783325,-0.018808403983712196,0.9391220211982727,231.68108224868774,433.5726070404053,0.6908842921257019,0.5144253373146057,0.06874792277812958,0.8216288089752197,490.6647777557373,445.2875804901123,-0.4509540796279907,0.4343762695789337,-0.04281935468316078,0.8773603439331055,239.60962772369385,447.0212173461914,0.7118373513221741,0.4746076166629791,0.009763441048562527,0.9416615962982178,496.6930103302002,447.8126049041748,-0.5184997916221619,0.4418392777442932,-0.07626087218523026,0.9056282043457031,198.68244409561157,447.77953147888184
84,0.35,-0.11988501250743866,-0.6087448000907898,-0.2009984850883484,0.9998747706413269,311.7480254173279,196.82199954986572,-0.09584193676710129,-0.6225187182426453,-0.21105992794036865,0.9991229772567749,316.5599727630615,190.13880729675293,-0.09534666687250137,-0.6236060857772827,-0.2061254382133484,0.9990378618240356,318.66913318634033,189.90244388580322,-0.09638659656047821,-0.6258569359779358,-0.2079724818468094,0.9991424679756165,320.83916902542114,189.66314792633057,-0.10300196707248688,-0.6342229247093201,-0.209842249751091,0.999360978603363,314.8021602630615,190.14361381530762,-0.10110411047935486,-0.6342678070068359,-0.2179209589958191,0.9994644522666931,315.6758952140808,189.89054203033447,-0.0973689928650856,-0.6222108006477356,-0.19975849986076355,0.9995197057723999,316.4514398574829,189.59980487823486,0.01457922998815775,-0.5939124226570129,-0.19285492599010468,0.9994269013404846,333.59206438064575,191.40742778778076,-0.051512107253074646,-0.5615716576576233,-0.10151143372058868,0.9993898868560791,326.99475288391113,191.7476749420166,-0.05815252661705017,-0.5906943082809448,-0.18616221845149994,0.9997084736824036,317.9431128501892,203.94586086273193,-0.07553547620773315,-0.5585947632789612,-0.18765272200107574,0.9996091723442078,315.8905363082886,203.9670753479004,0.18976432085037231,-0.47099876403808594,-0.06410960853099823,0.9998509883880615,374.3733787536621,224.21569347381592,-0.10916602611541748,-0.5308228731155396,0.0245639868080616,0.9997456669807434,307.32980489730835,230.31343460083008,0.44446662068367004,-0.5158687829971313,-0.09342508763074875,0.997810959815979,430.9633541107178,226.16189002990723,-0.3655565083026886,-0.48296505212783813,-0.008859485387802124,0.9890634417533875,250.40650606155396,220.8915138244629,0.6626263856887817,-0.505284309387207,-0.08059578388929367,0.9971529841423035,484.10563945770264,219.32916641235352,-0.6100739240646362,-0.5374533534049988,-0.11802991479635239,0.9824949502944946,196.73121213912964,215.3168249130249,0.7151290774345398,-0.5241402387619019,-0.06783091276884079,0.9927272200584412,498.8193368911743,219.72167015075684,-0.64130038022995,-0.5642873048782349,-0.15206454694271088,0.960809051990509,181.0394310951233,213.89675617218018,0.7066149711608887,-0.5279331803321838,-0.10886327177286148,0.993528425693512,501.3161516189575,218.05984497070312,-0.6191505193710327,-0.6064225435256958,-0.1848575472831726,0.9633615016937256,179.5465886592865,212.84547328948975,0.6744495630264282,-0.48708024621009827,-0.10105247050523758,0.9922121167182922,495.68458557128906,218.91061305999756,-0.6131938099861145,-0.549142062664032,-0.13905933499336243,0.9693536162376404,184.69545364379883,214.12925720214844,0.10029880702495575,0.012480298057198524,0.014813488349318504,0.9998899102210999,357.9464793205261,335.6088352203369,-0.09819559752941132,-0.017280494794249535,-0.012209693901240826,0.9998940229415894,318.2322335243225,332.4077796936035,0.38088077306747437,0.28328099846839905,-0.04663022607564926,0.9743545055389404,421.6672468185425,389.72805976867676,-0.40115466713905334,-0.008252234198153019,-0.16088545322418213,0.9931321144104004,238.08510303497314,348.5449504852295,0.6824561953544617,0.4974536597728729,0.05725961551070213,0.9680264592170715,487.24339485168457,434.8974323272705,-0.44606876373291016,0.4001944661140442,-0.018784355372190475,0.9399690628051758,232.6580286026001,432.46044158935547,0.6908779740333557,0.51419597864151,0.06902877241373062,0.822803795337677,491.41716957092285,444.03719902038574,-0.45081108808517456,0.4342065751552582,-0.042798690497875214,0.8781871795654297,240.5166220664978,445.9959411621094,0.7117248773574829,0.474019318819046,0.009859858080744743,0.9424648284912109,497.47355461120605,446.7871570587158,-0.5183615684509277,0.44172796607017517,-0.07623172551393509,0.9067456126213074,199.6286416053772,446.6389846801758
85,0.3541666666666667,-0.11989989131689072,-0.608538806438446,-0.20103810727596283,0.9998791813850403,312.46548414230347,196.79763793945312,-0.09584665298461914,-0.622377336025238,-0.21109476685523987,0.9991520047187805,317.191686630249,190.10480403900146,-0.09535142779350281,-0.6234656572341919,-0.20616059005260468,0.9990682601928711,319.33629512786865,189.83655452728271,-0.09639187902212143,-0.6257160305976868,-0.20800600945949554,0.9991679191589355,321.5470790863037,189.56823348999023,-0.10300817340612411,-0.6340658068656921,-0.20987661182880402,0.9993840456008911,315.4097557067871,190.1209831237793,-0.10110967606306076,-0.6341058611869812,-0.21795962750911713,0.9994840025901794,316.2685561180115,189.85745429992676,-0.09737338870763779,-0.6220563650131226,-0.19979730248451233,0.9995373487472534,317.03983068466187,189.54687595367432,0.014578146860003471,-0.5939105153083801,-0.19291521608829498,0.9994408488273621,334.3557643890381,191.18016242980957,-0.05155117064714432,-0.5615572929382324,-0.10153531283140182,0.999411940574646,327.6222610473633,191.55351161956787,-0.05817117914557457,-0.5905818343162537,-0.18620802462100983,0.9997155666351318,318.68520498275757,203.86964321136475,-0.07554183900356293,-0.5584555864334106,-0.18769265711307526,0.9996203184127808,316.6026520729065,203.9267921447754,0.18976376950740814,-0.47100070118904114,-0.06396553665399551,0.999850869178772,375.0308418273926,223.7794303894043,-0.10917352885007858,-0.5308480262756348,0.0245615616440773,0.9997503161430359,308.07487964630127,229.80010986328125,0.44450104236602783,-0.5157960653305054,-0.09327001869678497,0.997832715511322,431.69750690460205,225.85551738739014,-0.36557987332344055,-0.4829784035682678,-0.00888565368950367,0.9893512725830078,251.04448556900024,220.5347728729248,0.6628751158714294,-0.5051599740982056,-0.08060864359140396,0.9972012639045715,484.8509931564331,218.9439868927002,-0.6100664138793945,-0.537423849105835,-0.11806906759738922,0.983062207698822,197.4561595916748,214.8040008544922,0.7154105305671692,-0.5240036845207214,-0.06788068264722824,0.9928463101387024,499.5689392089844,219.35674667358398,-0.6412901878356934,-0.5642066597938538,-0.15216299891471863,0.9619299173355103,181.74575328826904,213.52503776550293,0.7069050669670105,-0.527819037437439,-0.10891643166542053,0.9936379194259644,502.0715045928955,217.69590854644775,-0.6190757751464844,-0.6063066124916077,-0.18494077026844025,0.9644181728363037,180.298433303833,212.30730056762695,0.6746879816055298,-0.4869551956653595,-0.10106954723596573,0.9923399090766907,496.44444465637207,218.52147102355957,-0.6131657361984253,-0.5490896701812744,-0.13909156620502472,0.9702157378196716,185.48859357833862,213.60946655273438,0.10029894858598709,0.012478700838983059,0.014816260896623135,0.9998893737792969,358.64550590515137,335.1668357849121,-0.09819480031728745,-0.01727672666311264,-0.012211461551487446,0.9998945593833923,318.9134931564331,331.96314811706543,0.38088786602020264,0.2832055985927582,-0.04661469906568527,0.9748193621635437,422.30655670166016,389.269380569458,-0.40113863348960876,-0.008277317509055138,-0.16096355020999908,0.9932824373245239,238.77513885498047,348.06286811828613,0.6824796795845032,0.4974144399166107,0.05725954845547676,0.9685992002487183,487.9145050048828,434.5960807800293,-0.4460577070713043,0.40021035075187683,-0.01892019622027874,0.941178023815155,233.31568479537964,432.0138359069824,0.6908998489379883,0.5141584277153015,0.06902603060007095,0.8249354958534241,492.20672607421875,443.78482818603516,-0.450807124376297,0.43422773480415344,-0.042940039187669754,0.8803655505180359,241.1987829208374,445.5556583404541,0.7117239832878113,0.4737844169139862,0.009826810099184513,0.9434272646903992,498.1720447540283,446.48677825927734,-0.5183736681938171,0.4416782259941101,-0.07641749083995819,0.9085527658462524,199.85111474990845,445.966157913208
86,0.35833333333333334,-0.11991231143474579,-0.6086054444313049,-0.20103894174098969,0.9998804330825806,313.13665866851807,196.57535076141357,-0.09586081653833389,-0.6224187016487122,-0.21107660233974457,0.9991618990898132,317.81288623809814,189.88795280456543,-0.09536615014076233,-0.6235066652297974,-0.20614409446716309,0.9990783333778381,319.9677515029907,189.60542678833008,-0.09640659391880035,-0.6257578134536743,-0.2079886943101883,0.9991773962974548,322.1870970726013,189.32334423065186,-0.10302071273326874,-0.6341217756271362,-0.20986516773700714,0.9993916153907776,316.02893829345703,189.88341808319092,-0.10112239420413971,-0.6341654062271118,-0.21795035898685455,0.9994900226593018,316.88198804855347,189.6115207672119,-0.09738542884588242,-0.6221144795417786,-0.19978874921798706,0.9995430111885071,317.64798402786255,189.28592205047607,0.014562512747943401,-0.5939088463783264,-0.19285739958286285,0.9994472861289978,335.022497177124,190.86682319641113,-0.05155901610851288,-0.5615813136100769,-0.10151224583387375,0.9994189739227295,328.26468229293823,191.27662181854248,-0.05818118527531624,-0.5906218886375427,-0.1862044632434845,0.9997187852859497,319.35331106185913,203.65283489227295,-0.07554938644170761,-0.558520495891571,-0.18769532442092896,0.9996246695518494,317.2679042816162,203.72458934783936,0.18975882232189178,-0.47097644209861755,-0.06393755227327347,0.9998507499694824,375.6658172607422,223.64388942718506,-0.10923277586698532,-0.5308493375778198,0.02455531805753708,0.999751091003418,308.8021445274353,229.41567420959473,0.44449254870414734,-0.5157939791679382,-0.093312568962574,0.9978404641151428,432.32462882995605,225.5982542037964,-0.36561980843544006,-0.48300471901893616,-0.008910506963729858,0.989475667476654,251.70928716659546,220.13378620147705,0.6628277897834778,-0.5052130818367004,-0.08065168559551239,0.9972038865089417,485.4423236846924,218.67562294006348,-0.6100945472717285,-0.5375638008117676,-0.11809922009706497,0.9832029938697815,198.0831527709961,214.49177742004395,0.7153379917144775,-0.5240972638130188,-0.06792038679122925,0.9928568601608276,500.1588535308838,219.0523624420166,-0.6413189768791199,-0.564403235912323,-0.1522296667098999,0.9621939063072205,182.3582410812378,213.1355381011963,0.7067956924438477,-0.5279484987258911,-0.10893908888101578,0.9936473965644836,502.65034675598145,217.39427089691162,-0.6190908551216125,-0.606539785861969,-0.18500077724456787,0.964656412601471,180.9177017211914,212.03385829925537,0.6746251583099365,-0.4870326519012451,-0.10110525786876678,0.9923510551452637,497.03938007354736,218.21515560150146,-0.6131851673126221,-0.5492436289787292,-0.13912001252174377,0.9704000353813171,186.12080097198486,213.3773946762085,0.10030807554721832,0.012476625852286816,0.014824253506958485,0.9998896718025208,359.28009510040283,334.9317741394043,-0.09820214658975601,-0.01727307215332985,-0.012218136340379715,0.9998950362205505,319.5837450027466,331.6394233703613,0.3808853328227997,0.28315412998199463,-0.046630434691905975,0.9748331308364868,422.9757785797119,388.99706840515137,-0.40119069814682007,-0.008319046348333359,-0.1609296202659607,0.9933102130889893,239.39951419830322,347.6631546020508,0.6824356913566589,0.49724072217941284,0.05728599429130554,0.9684517979621887,488.54021072387695,434.25976753234863,-0.4460749328136444,0.40014421939849854,-0.018900210037827492,0.941271960735321,233.9381504058838,431.64639472961426,0.6908462643623352,0.513979971408844,0.06906559318304062,0.8246482610702515,492.836594581604,443.2554817199707,-0.4508272707462311,0.43415990471839905,-0.04292437061667442,0.8805636167526245,241.81599140167236,445.20106315612793,0.7116138935089111,0.4736344814300537,0.009859307669103146,0.9432582259178162,498.9326763153076,446.1705493927002,-0.5184030532836914,0.4416361451148987,-0.07639333605766296,0.9086740016937256,200.5557417869568,445.6921863555908
87,0.3625,-0.11992533504962921,-0.6087362766265869,-0.20105881989002228,0.9998807311058044,313.7916970252991,196.12574100494385,-0.09586483240127563,-0.622512936592102,-0.2110987901687622,0.9991629719734192,318.42421531677246,189.37049388885498,-0.09537140280008316,-0.6235948204994202,-0.20616447925567627,0.9990805387496948,320.5863118171692,189.12415981292725,-0.09641232341527939,-0.6258513927459717,-0.20800839364528656,0.999177873134613,322.81198740005493,188.87778282165527,-0.10302092134952545,-0.6342565417289734,-0.20988361537456512,0.9993928074836731,316.6444730758667,189.3608808517456,-0.10112077742815018,-0.634305477142334,-0.2179694026708603,0.999491810798645,317.478768825531,189.08127307891846,-0.097382552921772,-0.6222597360610962,-0.19980497658252716,0.9995439052581787,318.23092460632324,188.75146865844727,0.014557493850588799,-0.5939058065414429,-0.19290904700756073,0.9994505047798157,335.63217401504517,190.543212890625,-0.05150831118226051,-0.5616577863693237,-0.10162483155727386,0.9994235038757324,328.8515067100525,190.86266040802002,-0.05818983539938927,-0.5906845927238464,-0.18622779846191406,0.9997203350067139,319.9978995323181,203.2540798187256,-0.07555833458900452,-0.5586423277854919,-0.18774226307868958,0.9996271729469299,317.8924512863159,203.30902576446533,0.18975292146205902,-0.4709286391735077,-0.06404131650924683,0.9998505115509033,376.24903678894043,223.3675718307495,-0.10924465954303741,-0.5308477878570557,0.024262825027108192,0.9997503161430359,309.4397807121277,229.19373035430908,0.4444809854030609,-0.5157161355018616,-0.09352514892816544,0.9978699684143066,432.92630195617676,225.3493309020996,-0.36563244462013245,-0.4829460680484772,-0.009475814178586006,0.9895762801170349,252.32241868972778,219.8331356048584,0.6628267168998718,-0.5051515698432922,-0.0811837762594223,0.9972320795059204,486.0639524459839,218.40057849884033,-0.6101886034011841,-0.5375586748123169,-0.1187400370836258,0.9832344651222229,198.6340570449829,214.21850681304932,0.7153422236442566,-0.5240254998207092,-0.06844140589237213,0.9929258227348328,500.78232765197754,218.80286693572998,-0.6414390206336975,-0.5644053220748901,-0.15285541117191315,0.9622149467468262,182.88700103759766,212.78672218322754,0.7067986726760864,-0.5279030203819275,-0.10952229052782059,0.9937087297439575,503.27128887176514,217.15398788452148,-0.6192595958709717,-0.6065469980239868,-0.18565814197063446,0.9646800756454468,181.44320011138916,211.808123588562,0.6746250987052917,-0.48698410391807556,-0.10168248414993286,0.9924278855323792,497.6655578613281,217.98667430877686,-0.6132898926734924,-0.5492430329322815,-0.13976001739501953,0.9704627394676208,186.65376663208008,213.21885108947754,0.10031541436910629,0.012470856308937073,0.0148580027744174,0.9998894333839417,359.880588054657,334.62470054626465,-0.09820754826068878,-0.01726505346596241,-0.012251367792487144,0.9998947381973267,320.2026915550232,331.32039070129395,0.38083577156066895,0.28314125537872314,-0.046570081263780594,0.9749383926391602,423.5707998275757,388.7229251861572,-0.40118932723999023,-0.008320660330355167,-0.1611558049917221,0.9933962821960449,239.9968957901001,347.3569393157959,0.6824228763580322,0.49719250202178955,0.05746595934033394,0.968559980392456,489.0972089767456,433.97037506103516,-0.44607892632484436,0.4001757502555847,-0.0191374309360981,0.9416810274124146,234.51862335205078,431.48237228393555,0.6908296346664429,0.5139341354370117,0.06926190853118896,0.8246372938156128,493.38998794555664,442.86526679992676,-0.45083460211753845,0.4341924786567688,-0.04315716028213501,0.8809340000152588,242.39614248275757,445.08999824523926,0.711480438709259,0.4735965132713318,0.009948196820914745,0.9433667659759521,499.5494556427002,445.93820571899414,-0.5183508396148682,0.4417189359664917,-0.07672011107206345,0.9091127514839172,201.17655515670776,445.53500175476074
88,0.36666666666666664,-0.119939424097538,-0.608630895614624,-0.2010292112827301,0.9998804926872253,314.37000274658203,196.27222537994385,-0.09586858004331589,-0.6224208474159241,-0.21105971932411194,0.9991607069969177,318.95413398742676,189.55015182495117,-0.09537523984909058,-0.623509407043457,-0.2061205804347992,0.9990765452384949,321.12371921539307,189.2909860610962,-0.09641670435667038,-0.6257585287094116,-0.20796655118465424,0.9991762042045593,323.3539652824402,189.03526782989502,-0.1030261367559433,-0.6341754794120789,-0.20983582735061646,0.9993903040885925,317.17769622802734,189.52940940856934,-0.10112571716308594,-0.6342246532440186,-0.21792258322238922,0.9994886517524719,317.9930019378662,189.24405097961426,-0.09738625586032867,-0.6221727132797241,-0.1997622400522232,0.999541699886322,318.73226165771484,188.9055347442627,0.014552720822393894,-0.5938951373100281,-0.19275590777397156,0.9994483590126038,336.15243673324585,190.64546585083008,-0.051531001925468445,-0.5616550445556641,-0.10145946592092514,0.9994180798530579,329.3640446662903,190.9591770172119,-0.05820469558238983,-0.5906195640563965,-0.18617618083953857,0.9997178912162781,320.5681371688843,203.37713241577148,-0.07556605339050293,-0.5585848093032837,-0.18766993284225464,0.9996234774589539,318.4515309333801,203.42149257659912,0.18974646925926208,-0.47092679142951965,-0.06388720870018005,0.9998497366905212,376.7753505706787,223.32581520080566,-0.1093529686331749,-0.5308605432510376,0.024470677599310875,0.9997488856315613,310.02349376678467,229.03079509735107,0.4444698989391327,-0.5157709121704102,-0.09332283586263657,0.9978508949279785,433.45948219299316,225.31541347503662,-0.3657577335834503,-0.4830443561077118,-0.009349635802209377,0.9895204901695251,252.87261486053467,219.81307983398438,0.6628317832946777,-0.505285918712616,-0.08099550008773804,0.9972050189971924,486.60056591033936,218.37737560272217,-0.6102373600006104,-0.5377958416938782,-0.1186499148607254,0.9829833507537842,199.14455652236938,214.15244579315186,0.7153472304344177,-0.5241938829421997,-0.06834004819393158,0.9928548336029053,501.3309144973755,218.72214317321777,-0.6414799690246582,-0.5646716356277466,-0.1527484506368637,0.9616579413414001,183.41011762619019,212.6578187942505,0.7068003416061401,-0.5280371904373169,-0.10940553992986679,0.9936460852622986,503.8113784790039,217.10299015045166,-0.6192747354507446,-0.6067751049995422,-0.1855156570672989,0.9641534090042114,181.9630765914917,211.6995906829834,0.6746300458908081,-0.4871091842651367,-0.10150831937789917,0.9923596978187561,498.21152687072754,217.93200016021729,-0.6133255958557129,-0.5494685173034668,-0.13965816795825958,0.9700581431388855,187.1819043159485,213.14011573791504,0.10031314194202423,0.012470130808651447,0.01484500989317894,0.9998897314071655,360.4076099395752,334.5491695404053,-0.09820392727851868,-0.01726275496184826,-0.012232803739607334,0.9998952150344849,320.7619857788086,331.2949562072754,0.3807509243488312,0.28313204646110535,-0.047184452414512634,0.9745965600013733,424.1369819641113,388.7212657928467,-0.40123727917671204,-0.008326377719640732,-0.16049279272556305,0.9932031035423279,240.53005456924438,347.2610378265381,0.682287871837616,0.49683740735054016,0.05746529623866081,0.9672189354896545,489.6327495574951,433.9299201965332,-0.44609445333480835,0.4001748561859131,-0.018889203667640686,0.9408193826675415,235.0372552871704,431.5125560760498,0.6907030344009399,0.5135238170623779,0.06926977634429932,0.8210642337799072,493.9421796798706,442.6205062866211,-0.4508526623249054,0.4341925382614136,-0.04294731840491295,0.8801692724227905,242.92153358459473,445.07577896118164,0.7112740278244019,0.4735429286956787,0.010164621286094189,0.9412636756896973,500.15790939331055,445.87995529174805,-0.5185276865959167,0.44171878695487976,-0.07632245123386383,0.9076910614967346,201.71306133270264,445.4527473449707
89,0.37083333333333335,-0.11998758465051651,-0.6085951924324036,-0.20082415640354156,0.9998756051063538,314.7981905937195,196.51222229003906,-0.09590256214141846,-0.622397243976593,-0.2108723372220993,0.999126136302948,319.3418526649475,189.7828245162964,-0.0954061970114708,-0.6234845519065857,-0.20592790842056274,0.9990390539169312,321.53223037719727,189.50158596038818,-0.09644948691129684,-0.6257343888282776,-0.20778338611125946,0.9991453289985657,323.7707805633545,189.22297954559326,-0.10304692387580872,-0.6341512203216553,-0.20964057743549347,0.999363362789154,317.56582260131836,189.76139545440674,-0.1011485755443573,-0.6342012286186218,-0.21773111820220947,0.9994651079177856,318.3467745780945,189.4685983657837,-0.09740648418664932,-0.6221480369567871,-0.19957293570041656,0.9995205998420715,319.0638470649719,189.11832332611084,0.014479609206318855,-0.5938950181007385,-0.1926509141921997,0.999433696269989,336.50882720947266,190.6865930557251,-0.051555484533309937,-0.5616585612297058,-0.10129968076944351,0.9993954300880432,329.7185683250427,191.0610866546631,-0.05827498435974121,-0.5905989408493042,-0.1860067993402481,0.9997097849845886,320.99289178848267,203.56939315795898,-0.07561755925416946,-0.5585646033287048,-0.18748214840888977,0.9996106028556824,318.84851932525635,203.61552715301514,0.18967042863368988,-0.47092434763908386,-0.06385888904333115,0.9998475313186646,377.18175888061523,223.45550537109375,-0.1094445213675499,-0.5308753252029419,0.024622345343232155,0.9997423887252808,310.450222492218,229.09744262695312,0.4444587826728821,-0.51578289270401,-0.09330690652132034,0.9978632926940918,433.8314723968506,225.43832302093506,-0.3658151626586914,-0.48316627740859985,-0.00925046019256115,0.9894469380378723,253.2253360748291,219.95450019836426,0.662778913974762,-0.5053339600563049,-0.08095070719718933,0.9972120523452759,487.03216552734375,218.53973865509033,-0.6102885603904724,-0.5380386710166931,-0.11857432872056961,0.9827971458435059,199.41921472549438,214.23864841461182,0.7152683138847351,-0.5242398977279663,-0.0683371052145958,0.9928702116012573,501.7884349822998,218.85340690612793,-0.6415375471115112,-0.5649375915527344,-0.15266498923301697,0.9613413214683533,183.74550104141235,212.73234844207764,0.706662118434906,-0.5280930995941162,-0.10937214642763138,0.9936560988426208,504.2584705352783,217.23330974578857,-0.6193332672119141,-0.6070124506950378,-0.18544577062129974,0.9638515710830688,182.27635860443115,211.75565242767334,0.6745589375495911,-0.4871616065502167,-0.10146679729223251,0.9923705458641052,498.66715908050537,218.062162399292,-0.6133877635002136,-0.5497026443481445,-0.13958752155303955,0.9698597192764282,187.5008511543274,213.19973945617676,0.10030943155288696,0.01246841624379158,0.014842508360743523,0.9998889565467834,360.78749656677246,334.66721534729004,-0.0981982871890068,-0.01725887693464756,-0.012229510582983494,0.999894380569458,321.1918258666992,331.41114234924316,0.3806823194026947,0.2829357385635376,-0.04718592017889023,0.9746954441070557,424.5981502532959,388.8383960723877,-0.4012381136417389,-0.008453982882201672,-0.16047391295433044,0.9932096600532532,240.9070873260498,347.3115921020508,0.6821125149726868,0.4964447021484375,0.05761217698454857,0.967200756072998,490.07615089416504,434.08581733703613,-0.44606465101242065,0.40016400814056396,-0.018863897770643234,0.9409087896347046,235.34523725509644,431.6740608215332,0.6905282139778137,0.5131254196166992,0.06945675611495972,0.8213549852371216,494.3621492385864,442.7178382873535,-0.4508310854434967,0.4341895878314972,-0.04292323440313339,0.8806502223014832,243.11797857284546,445.325403213501,0.7112283110618591,0.47335997223854065,0.010580344125628471,0.9409838318824768,500.5139350891113,445.9273052215576,-0.518543541431427,0.44175413250923157,-0.0762016549706459,0.9074801206588745,201.90879821777344,445.5545425415039
90,0.375,-0.12002508342266083,-0.6088419556617737,-0.2009289264678955,0.9998779296875,315.15777826309204,196.48786067962646,-0.0959211215376854,-0.6225680708885193,-0.21096917986869812,0.9991415143013,319.54660177230835,189.7179651260376,-0.09542710334062576,-0.623647153377533,-0.206027090549469,0.999056875705719,321.7764616012573,189.45356369018555,-0.09647093713283539,-0.6259040236473083,-0.20788522064685822,0.9991597533226013,324.048056602478,189.1926097869873,-0.10305549949407578,-0.6343876123428345,-0.2097821831703186,0.9993749856948853,317.78533458709717,189.70112800598145,-0.10115554928779602,-0.63444584608078,-0.21787622570991516,0.9994757175445557,318.52384328842163,189.40698623657227,-0.09741359204053879,-0.6223958134651184,-0.19971178472042084,0.999529242515564,319.21497344970703,189.06121730804443,0.014429379254579544,-0.5938807725906372,-0.1928217113018036,0.9994458556175232,336.86126947402954,190.73447227478027,-0.051549069583415985,-0.5617369413375854,-0.10165014117956161,0.9994088411331177,329.8996925354004,191.06424808502197,-0.05834145471453667,-0.5907130837440491,-0.18615202605724335,0.999715268611908,321.3621139526367,203.55106830596924,-0.0756378322839737,-0.5587669610977173,-0.18769347667694092,0.9996181130409241,319.1998028755188,203.5798215866089,0.18964001536369324,-0.47081881761550903,-0.06412528455257416,0.9998483657836914,377.4764585494995,223.57847213745117,-0.1095372885465622,-0.5308645367622375,0.02403041161596775,0.9997435212135315,310.87594270706177,229.24120903015137,0.44444552063941956,-0.5157126188278198,-0.09379845857620239,0.9978989958763123,434.1094779968262,225.56575298309326,-0.3658660650253296,-0.4831065535545349,-0.010271451435983181,0.9895980358123779,253.62674474716187,220.02286434173584,0.6627746820449829,-0.5053260922431946,-0.08209813386201859,0.9972409009933472,487.31489181518555,218.6395025253296,-0.6106296181678772,-0.538041889667511,-0.11962396651506424,0.9828580617904663,199.85216617584229,214.35949802398682,0.7152683734893799,-0.5242310762405396,-0.06948665529489517,0.9929369688034058,502.08390712738037,218.9853000640869,-0.6419857740402222,-0.5649512410163879,-0.153651162981987,0.9614224433898926,184.2083215713501,212.82626152038574,0.7066631317138672,-0.5280937552452087,-0.11069256067276001,0.993715763092041,504.54068183898926,217.37897872924805,-0.6199973225593567,-0.6070618033409119,-0.18652641773223877,0.9639273881912231,182.73658275604248,211.89406871795654,0.6745572090148926,-0.4871605336666107,-0.10273321717977524,0.9924493432044983,498.98026943206787,218.1873607635498,-0.613801896572113,-0.5497135519981384,-0.14067450165748596,0.9699674248695374,187.96987295150757,213.3757781982422,0.10031628608703613,0.012462301179766655,0.014875945635139942,0.9998903870582581,361.0556745529175,334.80016708374023,-0.09820342063903809,-0.017249898985028267,-0.012262396514415741,0.9998955130577087,321.511287689209,331.5014362335205,0.3806278705596924,0.2829398214817047,-0.04714352637529373,0.9750439524650574,424.9907398223877,388.9814758300781,-0.4012449383735657,-0.00851079449057579,-0.1604958027601242,0.9933292269706726,241.211678981781,347.3707580566406,0.6820942163467407,0.49640098214149475,0.057740453630685806,0.9676547646522522,490.4058265686035,434.1716194152832,-0.44606199860572815,0.40019702911376953,-0.018969370052218437,0.9417794346809387,235.60436010360718,431.79247856140137,0.6905085444450378,0.5130791664123535,0.06960093975067139,0.822945773601532,494.8364067077637,442.7013874053955,-0.4508313834667206,0.43423378467559814,-0.04305084049701691,0.8817780613899231,243.43958616256714,445.4596138000488,0.7112125158309937,0.4733317494392395,0.010654451325535774,0.9417877793312073,500.9806823730469,446.0401439666748,-0.5185222029685974,0.44187837839126587,-0.0764165073633194,0.9087350368499756,202.06910848617554,445.70520401000977
91,0.37916666666666665,-0.12003865838050842,-0.6088067889213562,-0.20087479054927826,0.9998778104782104,315.29253244400024,196.71940326690674,-0.0959286168217659,-0.6225457191467285,-0.21090847253799438,0.9991418719291687,319.76070642471313,189.96681690216064,-0.09543488919734955,-0.6236236691474915,-0.2059670090675354,0.9990570545196533,321.9381022453308,189.68889713287354,-0.09647940844297409,-0.6258811950683594,-0.20782744884490967,0.9991605877876282,324.220769405365,189.4134521484375,-0.10305945575237274,-0.6343648433685303,-0.20973610877990723,0.9993751645088196,318.02733421325684,189.95095252990723,-0.10115917772054672,-0.6344234943389893,-0.2178317755460739,0.9994755983352661,318.78609895706177,189.65559482574463,-0.09741700440645218,-0.6223726868629456,-0.19966931641101837,0.9995294213294983,319.4836449623108,189.3047046661377,0.014390905387699604,-0.593874454498291,-0.19277021288871765,0.9994477033615112,337.2272729873657,190.87220191955566,-0.05155394226312637,-0.5617174506187439,-0.10164095461368561,0.9994097352027893,330.1509404182434,191.2437915802002,-0.058358483016490936,-0.5906937718391418,-0.186100572347641,0.9997156858444214,321.4898729324341,203.77663135528564,-0.07564476132392883,-0.5587473511695862,-0.1876526176929474,0.9996179938316345,319.358332157135,203.80754470825195,0.18965241312980652,-0.47081294655799866,-0.06412059813737869,0.9998490810394287,377.6758003234863,223.6857032775879,-0.1095786765217781,-0.5308610796928406,0.024024972692131996,0.9997442364692688,311.0444927215576,229.39827919006348,0.4445055425167084,-0.5157270431518555,-0.09380918741226196,0.9979061484336853,434.57008838653564,225.72951793670654,-0.3659384250640869,-0.48315346240997314,-0.010282131843268871,0.9896708130836487,253.83711576461792,220.19851684570312,0.6628870368003845,-0.5053845643997192,-0.08208129554986954,0.9972377419471741,487.750825881958,218.80672931671143,-0.6106851100921631,-0.5381554365158081,-0.11964179575443268,0.9828662872314453,200.0402855873108,214.52447891235352,0.7154040932655334,-0.5243204832077026,-0.06946485489606857,0.9929196238517761,502.37053871154785,219.11118507385254,-0.6420450806617737,-0.5650742650032043,-0.15367740392684937,0.9613792300224304,184.3453073501587,212.9824161529541,0.7067809104919434,-0.5282000303268433,-0.11067398637533188,0.9937000870704651,504.88786697387695,217.51749515533447,-0.6200309991836548,-0.6072070598602295,-0.18654172122478485,0.9638667702674866,182.9000473022461,212.01693534851074,0.674674928188324,-0.4872308373451233,-0.10271994769573212,0.992436945438385,499.39066886901855,218.3433437347412,-0.6138442158699036,-0.5498287081718445,-0.1406884491443634,0.9699183106422424,188.1411051750183,213.51077556610107,0.10032322257757187,0.012453827075660229,0.014883494935929775,0.9998913407325745,361.19175910949707,334.9827289581299,-0.09820840507745743,-0.017237287014722824,-0.012269177474081516,0.9998964071273804,321.53838872909546,331.65284156799316,0.3806251883506775,0.28284063935279846,-0.04714776203036308,0.9752659201622009,425.0080347061157,389.14392471313477,-0.40124887228012085,-0.00850455928593874,-0.16046415269374847,0.9934165477752686,241.36572360992432,347.5426769256592,0.6820582151412964,0.4960973858833313,0.05801323056221008,0.967925488948822,490.45058727264404,434.2771625518799,-0.4457385838031769,0.40020108222961426,-0.018932625651359558,0.9424585700035095,235.7999038696289,431.9415092468262,0.6904720664024353,0.5127584934234619,0.06995420902967453,0.8240532875061035,495.0013732910156,442.7219581604004,-0.4504545032978058,0.4342401623725891,-0.04300614818930626,0.8828009963035583,243.60212802886963,445.59642791748047,0.7112010717391968,0.4730769693851471,0.011095115914940834,0.942194938659668,501.1180114746094,446.21317863464355,-0.5182467103004456,0.4419517517089844,-0.07636888325214386,0.9096294045448303,202.6904582977295,445.88324546813965
92,0.38333333333333336,-0.11997498571872711,-0.6087064146995544,-0.20070292055606842,0.9998723864555359,315.67842721939087,196.97137355804443,-0.09588942676782608,-0.622455358505249,-0.21069619059562683,0.9991046190261841,320.21372079849243,190.21596908569336,-0.09539181739091873,-0.6235394477844238,-0.20574361085891724,0.9990156292915344,322.42313146591187,189.9349308013916,-0.09643714129924774,-0.625790536403656,-0.20761755108833313,0.9991247653961182,324.7149610519409,189.6572971343994,-0.1030227392911911,-0.6342508792877197,-0.20958413183689117,0.9993484616279602,318.4088945388794,190.2027940750122,-0.10112421959638596,-0.634305477142334,-0.21767757833003998,0.9994521141052246,319.1951251029968,189.90903854370117,-0.09738273173570633,-0.6222597360610962,-0.199517622590065,0.9995085000991821,319.9231195449829,189.5597219467163,0.014386815950274467,-0.5938657522201538,-0.19224900007247925,0.9994248747825623,337.8160071372986,191.0892391204834,-0.051607873290777206,-0.5616766214370728,-0.10146147012710571,0.9993857741355896,330.6064438819885,191.46599292755127,-0.058335039764642715,-0.5906423330307007,-0.1858331710100174,0.9997051358222961,321.9460201263428,204.009690284729,-0.07562684267759323,-0.558673083782196,-0.18745751678943634,0.9996033906936646,319.8118185997009,204.03847217559814,0.18964529037475586,-0.47081276774406433,-0.06345053762197495,0.9998459815979004,378.12941551208496,223.85132789611816,-0.10961443930864334,-0.5308700799942017,0.024267354980111122,0.9997379779815674,311.4640760421753,229.59012508392334,0.44454705715179443,-0.5157649517059326,-0.0927048921585083,0.9978711009025574,435.17536640167236,225.92609882354736,-0.36595043540000916,-0.483261376619339,-0.010013618506491184,0.9894938468933105,254.20856952667236,220.41313648223877,0.6629467010498047,-0.5054140090942383,-0.0807742029428482,0.9972178339958191,488.26173305511475,218.98544311523438,-0.6106995940208435,-0.5381975173950195,-0.11924607306718826,0.9826715588569641,200.58200597763062,214.7235918045044,0.7154576182365417,-0.5243515968322754,-0.0682266503572464,0.9928794503211975,502.89217472076416,219.28975582122803,-0.642061710357666,-0.5651035308837891,-0.15328465402126312,0.9610100388526917,184.87443208694458,213.18459033966064,0.7068004012107849,-0.5282258987426758,-0.10934652388095856,0.9936661720275879,505.44065952301025,217.70543575286865,-0.620055079460144,-0.6072127223014832,-0.18611393868923187,0.9635112285614014,183.51176261901855,212.19712257385254,0.6747128367424011,-0.4872530996799469,-0.1014024019241333,0.9923967123031616,499.8951816558838,218.53065490722656,-0.6138626933097839,-0.5498525500297546,-0.14026828110218048,0.9696314930915833,188.83762121200562,213.70116233825684,0.10032333433628082,0.012453664094209671,0.01488512009382248,0.9998887181282043,361.6478204727173,335.2006530761719,-0.09820720553398132,-0.01723586581647396,-0.01227007620036602,0.9998942613601685,321.9095206260681,331.8511390686035,0.3805936276912689,0.2827642261981964,-0.047016941010951996,0.97504061460495,425.30110359191895,389.3506050109863,-0.40129294991493225,-0.008848264813423157,-0.16051357984542847,0.993403971195221,241.80127143859863,347.7074146270752,0.681999683380127,0.49590861797332764,0.05813206732273102,0.9677258729934692,490.79811573028564,434.5008373260498,-0.445753812789917,0.40016183257102966,-0.018962986767292023,0.9422990679740906,236.31124019622803,432.1160888671875,0.6904098987579346,0.5125656723976135,0.07007299363613129,0.8231421113014221,495.7090473175049,442.98282623291016,-0.45047232508659363,0.43422144651412964,-0.04303007200360298,0.8827465772628784,244.51826333999634,445.79432487487793,0.7111313939094543,0.47301945090293884,0.011345691978931427,0.9415832161903381,501.7853021621704,446.4052963256836,-0.518428385257721,0.4419666826725006,-0.07634920626878738,0.9089534878730774,203.22782278060913,446.054048538208
93,0.3875,-0.11990302056074142,-0.6086962223052979,-0.19877967238426208,0.9998698830604553,316.748263835907,197.14749813079834,-0.09588134288787842,-0.6224513053894043,-0.20839481055736542,0.9990902543067932,321.2358784675598,190.39644241333008,-0.09538155794143677,-0.6235370635986328,-0.20345008373260498,0.9989995956420898,323.31714391708374,190.1216983795166,-0.09642626345157623,-0.6257857084274292,-0.2053399384021759,0.9991124868392944,325.57867527008057,189.8551368713379,-0.10301467776298523,-0.6342335343360901,-0.20761695504188538,0.9993371963500977,319.5036005973816,190.38464069366455,-0.10111752897500992,-0.634288489818573,-0.2156803458929062,0.9994415640830994,320.3271245956421,190.09686470031738,-0.09737224131822586,-0.6222414970397949,-0.19756269454956055,0.9994993209838867,321.0646462440491,189.7546148300171,0.014330885373055935,-0.5939240455627441,-0.18906232714653015,0.9994199275970459,338.92772912979126,191.28334522247314,-0.05174070969223976,-0.5616745948791504,-0.09971341490745544,0.9993739128112793,331.6015863418579,191.65120124816895,-0.0582902692258358,-0.590676486492157,-0.18365266919136047,0.9997023344039917,322.972469329834,204.17707443237305,-0.07558386772871017,-0.5586808919906616,-0.1855982393026352,0.9995973706245422,320.9773778915405,204.18004989624023,0.18963852524757385,-0.47089913487434387,-0.06100497394800186,0.9998455047607422,379.100546836853,223.93126487731934,-0.10967855900526047,-0.5308998823165894,0.026095686480402946,0.9997345805168152,312.5059103965759,229.7510862350464,0.44455358386039734,-0.515843391418457,-0.08990383893251419,0.9978373050689697,436.7504024505615,226.05772018432617,-0.36598441004753113,-0.48326048254966736,-0.008122820407152176,0.9893184304237366,255.30037879943848,220.57979106903076,0.6629137396812439,-0.5056304931640625,-0.07773293554782867,0.9971765279769897,489.17853355407715,219.11813735961914,-0.610715925693512,-0.5381947159767151,-0.11767548322677612,0.9825178384780884,201.8296194076538,214.88598346710205,0.7153765559196472,-0.5247306227684021,-0.06547204405069351,0.9927971959114075,503.7409973144531,219.4447946548462,-0.6420920491218567,-0.5651065707206726,-0.15180949866771698,0.960864245891571,186.00982189178467,213.27672958374023,0.7066090703010559,-0.528651773929596,-0.10632961243391037,0.9935909509658813,506.3042449951172,217.8470277786255,-0.620101809501648,-0.6072182059288025,-0.18459467589855194,0.9633355736732483,184.74605083465576,212.34735488891602,0.6746504306793213,-0.48751795291900635,-0.09835103154182434,0.9923142790794373,500.6894588470459,218.6539649963379,-0.6138937473297119,-0.549852728843689,-0.13865771889686584,0.9694645404815674,190.19391775131226,213.86301040649414,0.10032089054584503,0.012451360933482647,0.014886663295328617,0.9998883008956909,362.6301097869873,335.3612995147705,-0.09820292145013809,-0.017232319340109825,-0.01227092556655407,0.9998939633369446,322.7781915664673,332.0083236694336,0.3805590271949768,0.28245022892951965,-0.04701638221740723,0.9754661917686462,426.2810754776001,389.5119094848633,-0.4013160765171051,-0.009350494481623173,-0.1604970246553421,0.9935293197631836,242.87215948104858,347.8761291503906,0.681894838809967,0.4952133893966675,0.05813177675008774,0.9680393934249878,492.0696544647217,434.60354804992676,-0.445856511592865,0.39996105432510376,-0.018946079537272453,0.9432163834571838,237.39238500595093,432.1533393859863,0.6903184652328491,0.5118861198425293,0.07007410377264023,0.825272262096405,496.6236162185669,443.20515632629395,-0.45060092210769653,0.43407171964645386,-0.0430162139236927,0.8844621777534485,245.76195001602173,445.8120059967041,0.7111392617225647,0.4727727472782135,0.011422677896916866,0.9419164657592773,503.5342311859131,446.56688690185547,-0.5188990831375122,0.4419693648815155,-0.07632916420698166,0.9098065495491028,204.21695709228516,446.17072105407715
94,0.39166666666666666,-0.11990106105804443,-0.6086410880088806,-0.19884182512760162,0.9998689889907837,317.92532444000244,197.16495037078857,-0.09586263447999954,-0.622410774230957,-0.20845985412597656,0.9990847110748291,322.5655245780945,190.424165725708,-0.09535971283912659,-0.6235011219978333,-0.2035132497549057,0.998993992805481,324.67417001724243,190.1359462738037,-0.09640615433454514,-0.6257432103157043,-0.2054016888141632,0.9991084933280945,326.9852900505066,189.86732482910156,-0.10300533473491669,-0.6341927647590637,-0.20767082273960114,0.9993315935134888,320.67752838134766,190.41931629180908,-0.10110943019390106,-0.6342454552650452,-0.2157367765903473,0.9994366765022278,321.49927139282227,190.12968063354492,-0.09736339747905731,-0.6222018003463745,-0.1976185142993927,0.999494194984436,322.2288751602173,189.78073596954346,0.014334406703710556,-0.5939221382141113,-0.1890074610710144,0.9994182586669922,340.3713369369507,191.32737636566162,-0.05179041996598244,-0.5616729855537415,-0.0996478796005249,0.9993661642074585,332.8257465362549,191.70161247253418,-0.05829928070306778,-0.5906466841697693,-0.1837010532617569,0.9997013211250305,324.26321268081665,204.18944835662842,-0.07559152692556381,-0.5586530566215515,-0.18563489615917206,0.9995954036712646,322.1679997444153,204.2003345489502,0.1896321177482605,-0.47090843319892883,-0.06078796833753586,0.9998454451560974,380.2094793319702,223.96081924438477,-0.10981340706348419,-0.5309205651283264,0.02626195177435875,0.9997328519821167,313.6496043205261,229.79710578918457,0.4446432292461395,-0.5158462524414062,-0.08939943462610245,0.9978613257408142,437.9634475708008,226.07264041900635,-0.3661350607872009,-0.48332518339157104,-0.007961777038872242,0.9893618822097778,256.3784122467041,220.60023307800293,0.6630341410636902,-0.5056653618812561,-0.07709383964538574,0.9972333908081055,490.3424835205078,219.1279935836792,-0.6107637882232666,-0.5382649302482605,-0.11761011183261871,0.9826335906982422,203.10577154159546,214.93974208831787,0.7154883146286011,-0.5248019099235535,-0.064896360039711,0.992927074432373,504.8753786087036,219.4879674911499,-0.6421267986297607,-0.5651922225952148,-0.15177012979984283,0.9610860347747803,187.3384165763855,213.28641414642334,0.7066802382469177,-0.5287402868270874,-0.10570812225341797,0.9937081336975098,507.46999740600586,217.87930011749268,-0.6201192736625671,-0.6072784662246704,-0.1845461130142212,0.9635554552078247,186.13191604614258,212.40737915039062,0.6747419834136963,-0.4875543415546417,-0.09770242869853973,0.9924503564834595,501.8903589248657,218.66887092590332,-0.6139256358146667,-0.5499178171157837,-0.1385934054851532,0.9696384072303772,191.64546489715576,213.9376974105835,0.10032067447900772,0.012448144145309925,0.014887664467096329,0.9998884201049805,363.80702018737793,335.45190811157227,-0.09820131212472916,-0.017225710675120354,-0.01227082870900631,0.9998942017555237,324.0154194831848,332.0636558532715,0.38055479526519775,0.2824535667896271,-0.047099798917770386,0.9757880568504333,427.362756729126,389.5463562011719,-0.40131980180740356,-0.009370718151330948,-0.1604672372341156,0.9936020970344543,244.1815710067749,347.9592990875244,0.6817840933799744,0.4948175549507141,0.05842145159840584,0.9680644273757935,493.0288553237915,434.75003242492676,-0.44586801528930664,0.39996129274368286,-0.018929559737443924,0.9439951181411743,238.68355751037598,432.2350215911865,0.6902194023132324,0.5114262700080872,0.07049380987882614,0.8261479139328003,497.3645496368408,443.41212272644043,-0.45061808824539185,0.43407517671585083,-0.043002743273973465,0.8857345581054688,247.1261429786682,445.8390712738037,0.7111414670944214,0.4726514518260956,0.012299622409045696,0.9419326782226562,504.3729257583618,446.63103103637695,-0.5190427303314209,0.44202637672424316,-0.07630908489227295,0.910697340965271,205.53259134292603,446.17692947387695
95,0.3958333333333333,-0.1199120357632637,-0.6086418628692627,-0.19842416048049927,0.9998683333396912,319.57001209259033,197.21437454223633,-0.09590646624565125,-0.6224067211151123,-0.20795582234859467,0.9990800619125366,324.2374849319458,190.51114082336426,-0.09540191292762756,-0.6234970092773438,-0.2030172348022461,0.9989880323410034,326.2483263015747,190.2058982849121,-0.09644842147827148,-0.625738799571991,-0.20490922033786774,0.9991052150726318,328.5483956336975,189.9157190322876,-0.10304293781518936,-0.6341851949691772,-0.20723658800125122,0.9993281364440918,322.4602746963501,190.4851484298706,-0.10114973038434982,-0.6342393755912781,-0.21529431641101837,0.9994330406188965,323.3221220970154,190.18049240112305,-0.0973983108997345,-0.6221930980682373,-0.19719024002552032,0.9994916319847107,324.06558752059937,189.8124647140503,0.014222115278244019,-0.5939204692840576,-0.18832974135875702,0.9994173645973206,342.09056854248047,191.3371181488037,-0.0518970787525177,-0.5616702437400818,-0.09926921874284744,0.9993617534637451,334.6743679046631,191.7387342453003,-0.05830690637230873,-0.5906593203544617,-0.18325041234493256,0.9997008442878723,325.92965841293335,204.32288646697998,-0.07559890300035477,-0.5586642026901245,-0.18524610996246338,0.9995937347412109,323.88901233673096,204.32719230651855,0.18962553143501282,-0.47090643644332886,-0.06026897951960564,0.999845564365387,382.08024501800537,224.0848445892334,-0.10994970053434372,-0.5309251546859741,0.026637809351086617,0.9997319579124451,315.2807950973511,229.93876934051514,0.4447844922542572,-0.5158794522285461,-0.08885515481233597,0.9978373646736145,440.0601625442505,226.22727870941162,-0.36629101634025574,-0.4833551347255707,-0.007721137721091509,0.9892957210540771,258.1630253791809,220.77499866485596,0.6631032824516296,-0.5057967305183411,-0.07650886476039886,0.9971972703933716,492.4627161026001,219.3203830718994,-0.6109142303466797,-0.5383817553520203,-0.11753100901842117,0.9825010299682617,204.71670627593994,214.98687744140625,0.7155291438102722,-0.5250341296195984,-0.06436081975698471,0.9928428530693054,507.0218324661255,219.55238342285156,-0.6423003673553467,-0.5653952360153198,-0.1517157256603241,0.9608789682388306,188.7958860397339,213.3479404449463,0.7066863775253296,-0.5289982557296753,-0.10518216341733932,0.9936326742172241,509.4998073577881,217.90467739105225,-0.620311975479126,-0.6075139045715332,-0.18447422981262207,0.9633381962776184,187.57520198822021,212.48040676116943,0.6747941970825195,-0.4877184331417084,-0.09714782983064651,0.9923641681671143,503.90626430511475,218.74121189117432,-0.6140903234481812,-0.5500484108924866,-0.13850875198841095,0.9694281220436096,193.08971643447876,214.00338649749756,0.10032142698764801,0.012441295199096203,0.014897472225129604,0.9998881816864014,365.64735889434814,335.5521869659424,-0.09820136427879333,-0.017215866595506668,-0.012278991751372814,0.9998937845230103,325.6189513206482,332.16075897216797,0.38053828477859497,0.2820367217063904,-0.0471540242433548,0.97566819190979,429.20742988586426,389.6989631652832,-0.40134936571121216,-0.009439077228307724,-0.160443976521492,0.9935628175735474,245.9615921974182,348.0914497375488,0.6817181706428528,0.49447402358055115,0.05841091275215149,0.9678496718406677,495.0266933441162,434.90452766418457,-0.4458761513233185,0.39979982376098633,-0.01888514868915081,0.9436820149421692,240.39482831954956,432.4782085418701,0.6901516318321228,0.5111019015312195,0.0704868957400322,0.825789749622345,499.6100091934204,443.45738410949707,-0.4506256878376007,0.4339132606983185,-0.0429639033973217,0.8852974772453308,248.65472316741943,446.03150367736816,0.7111256122589111,0.47223812341690063,0.0122919213026762,0.9416307806968689,506.64748191833496,446.7071056365967,-0.5191278457641602,0.44186514616012573,-0.07624947279691696,0.9101955890655518,207.51813411712646,446.3921070098877
